organism	genus	family	order	class	phylum	superkingdom
Acidobacteria_bacterium_Ellin345	Candidatus Koribacter	Acidobacteria	Acidobacteria	Acidobacteria	Acidobacteria	Bacteria
Plasmodium_falciparum	Plasmodium	Haemosporida	Haemosporida	Aconoidasida	Apicomplexa	Eukaryota
Acidothermus_cellulolyticus_11B	Acidothermus	Acidothermaceae	Actinomycetales	Actinobacteria (class)	Actinobacteria	Bacteria
Tropheryma_whipplei_TW08/27	Tropheryma	Actinomycetales	Actinomycetales	Actinobacteria (class)	Actinobacteria	Bacteria
Tropheryma_whipplei_str._Twist	Tropheryma	Actinomycetales	Actinomycetales	Actinobacteria (class)	Actinobacteria	Bacteria
Corynebacterium_glutamicum_R	Corynebacterium	Corynebacteriaceae	Actinomycetales	Actinobacteria (class)	Actinobacteria	Bacteria
Corynebacterium_efficiens_YS-314	Corynebacterium	Corynebacteriaceae	Actinomycetales	Actinobacteria (class)	Actinobacteria	Bacteria
Corynebacterium_jeikeium_K411	Corynebacterium	Corynebacteriaceae	Actinomycetales	Actinobacteria (class)	Actinobacteria	Bacteria
Corynebacterium_glutamicum_ATCC_13032	Corynebacterium	Corynebacteriaceae	Actinomycetales	Actinobacteria (class)	Actinobacteria	Bacteria
Corynebacterium_diphtheriae_NCTC_13129	Corynebacterium	Corynebacteriaceae	Actinomycetales	Actinobacteria (class)	Actinobacteria	Bacteria
Frankia_alni_ACN14a	Frankia	Frankiaceae	Actinomycetales	Actinobacteria (class)	Actinobacteria	Bacteria
Frankia_sp._CcI3	Frankia	Frankiaceae	Actinomycetales	Actinobacteria (class)	Actinobacteria	Bacteria
Kineococcus_radiotolerans_SRS30216	Kineococcus	Kineosporiaceae	Actinomycetales	Actinobacteria (class)	Actinobacteria	Bacteria
Clavibacter_michiganensis_subsp._michiganensis_NCPPB_382	Clavibacter	Microbacteriaceae	Actinomycetales	Actinobacteria (class)	Actinobacteria	Bacteria
Leifsonia_xyli_subsp._xyli_str._CTCB07	Leifsonia	Microbacteriaceae	Actinomycetales	Actinobacteria (class)	Actinobacteria	Bacteria
Arthrobacter_aurescens_TC1	Arthrobacter	Micrococcaceae	Actinomycetales	Actinobacteria (class)	Actinobacteria	Bacteria
Arthrobacter_sp._FB24	Arthrobacter	Micrococcaceae	Actinomycetales	Actinobacteria (class)	Actinobacteria	Bacteria
Salinispora_tropica_CNB-440	Salinispora	Micromonosporaceae	Actinomycetales	Actinobacteria (class)	Actinobacteria	Bacteria
Mycobacterium_smegmatis_str._MC2_155	Mycobacterium	Mycobacteriaceae	Actinomycetales	Actinobacteria (class)	Actinobacteria	Bacteria
Mycobacterium_bovis_AF2122/97	Mycobacterium	Mycobacteriaceae	Actinomycetales	Actinobacteria (class)	Actinobacteria	Bacteria
Mycobacterium_tuberculosis_F11	Mycobacterium	Mycobacteriaceae	Actinomycetales	Actinobacteria (class)	Actinobacteria	Bacteria
Mycobacterium_sp._KMS	Mycobacterium	Mycobacteriaceae	Actinomycetales	Actinobacteria (class)	Actinobacteria	Bacteria
Mycobacterium_avium_subsp._paratuberculosis_K-10	Mycobacterium	Mycobacteriaceae	Actinomycetales	Actinobacteria (class)	Actinobacteria	Bacteria
Mycobacterium_sp._JLS	Mycobacterium	Mycobacteriaceae	Actinomycetales	Actinobacteria (class)	Actinobacteria	Bacteria
Mycobacterium_sp._MCS	Mycobacterium	Mycobacteriaceae	Actinomycetales	Actinobacteria (class)	Actinobacteria	Bacteria
Mycobacterium_tuberculosis_H37Rv	Mycobacterium	Mycobacteriaceae	Actinomycetales	Actinobacteria (class)	Actinobacteria	Bacteria
Mycobacterium_tuberculosis_H37Ra	Mycobacterium	Mycobacteriaceae	Actinomycetales	Actinobacteria (class)	Actinobacteria	Bacteria
Mycobacterium_tuberculosis_CDC1551	Mycobacterium	Mycobacteriaceae	Actinomycetales	Actinobacteria (class)	Actinobacteria	Bacteria
Mycobacterium_avium_104	Mycobacterium	Mycobacteriaceae	Actinomycetales	Actinobacteria (class)	Actinobacteria	Bacteria
Mycobacterium_gilvum_PYR-GCK	Mycobacterium	Mycobacteriaceae	Actinomycetales	Actinobacteria (class)	Actinobacteria	Bacteria
Mycobacterium_vanbaalenii_PYR-1	Mycobacterium	Mycobacteriaceae	Actinomycetales	Actinobacteria (class)	Actinobacteria	Bacteria
Mycobacterium_bovis_BCG_str._Pasteur_1173P2	Mycobacterium	Mycobacteriaceae	Actinomycetales	Actinobacteria (class)	Actinobacteria	Bacteria
Mycobacterium_leprae_TN	Mycobacterium	Mycobacteriaceae	Actinomycetales	Actinobacteria (class)	Actinobacteria	Bacteria
Mycobacterium_ulcerans_Agy99	Mycobacterium	Mycobacteriaceae	Actinomycetales	Actinobacteria (class)	Actinobacteria	Bacteria
Nocardia_farcinica_IFM_10152	Nocardia	Nocardiaceae	Actinomycetales	Actinobacteria (class)	Actinobacteria	Bacteria
Rhodococcus_sp._RHA1	Rhodococcus	Nocardiaceae	Actinomycetales	Actinobacteria (class)	Actinobacteria	Bacteria
Nocardioides_sp._JS614	Nocardioides	Nocardioidaceae	Actinomycetales	Actinobacteria (class)	Actinobacteria	Bacteria
Thermobifida_fusca_YX	Thermobifida	Nocardiopsaceae	Actinomycetales	Actinobacteria (class)	Actinobacteria	Bacteria
Propionibacterium_acnes_KPA171202	Propionibacterium	Propionibacteriaceae	Actinomycetales	Actinobacteria (class)	Actinobacteria	Bacteria
Saccharopolyspora_erythraea_NRRL_2338	Saccharopolyspora	Pseudonocardiaceae	Actinomycetales	Actinobacteria (class)	Actinobacteria	Bacteria
Streptomyces_coelicolor_A3(2)	Streptomyces	Streptomycetaceae	Actinomycetales	Actinobacteria (class)	Actinobacteria	Bacteria
Streptomyces_avermitilis_MA-4680	Streptomyces	Streptomycetaceae	Actinomycetales	Actinobacteria (class)	Actinobacteria	Bacteria
Bifidobacterium_adolescentis_ATCC_15703	Bifidobacterium	Bifidobacteriaceae	Bifidobacteriales	Actinobacteria (class)	Actinobacteria	Bacteria
Bifidobacterium_longum_NCC2705	Bifidobacterium	Bifidobacteriaceae	Bifidobacteriales	Actinobacteria (class)	Actinobacteria	Bacteria
Rubrobacter_xylanophilus_DSM_9941	Rubrobacter	Rubrobacteraceae	Rubrobacterales	Actinobacteria (class)	Actinobacteria	Bacteria
Oryzias_latipes	Oryzias	Adrianichthyidae	Beloniformes	Actinopterygii	Chordata	Eukaryota
Danio_rerio	Danio	Cyprinidae	Cypriniformes	Actinopterygii	Chordata	Eukaryota
Gasterosteus_aculeatus	Gasterosteus	Gasterosteidae	Gasterosteiformes	Actinopterygii	Chordata	Eukaryota
Takifugu_rubripes	Takifugu	Tetraodontidae	Tetraodontiformes	Actinopterygii	Chordata	Eukaryota
Tetraodon_nigroviridis	Tetraodon	Tetraodontidae	Tetraodontiformes	Actinopterygii	Chordata	Eukaryota
Caulobacter_crescentus_CB15	Caulobacter	Caulobacteraceae	Caulobacterales	Alphaproteobacteria	Proteobacteria	Bacteria
Bartonella_bacilliformis_KC583	Bartonella	Bartonellaceae	Rhizobiales	Alphaproteobacteria	Proteobacteria	Bacteria
Bartonella_henselae_str._Houston-1	Bartonella	Bartonellaceae	Rhizobiales	Alphaproteobacteria	Proteobacteria	Bacteria
Bartonella_quintana_str._Toulouse	Bartonella	Bartonellaceae	Rhizobiales	Alphaproteobacteria	Proteobacteria	Bacteria
Bradyrhizobium_sp._BTAi1	Bradyrhizobium	Bradyrhizobiaceae	Rhizobiales	Alphaproteobacteria	Proteobacteria	Bacteria
Bradyrhizobium_sp._ORS278	Bradyrhizobium	Bradyrhizobiaceae	Rhizobiales	Alphaproteobacteria	Proteobacteria	Bacteria
Bradyrhizobium_japonicum_USDA_110	Bradyrhizobium	Bradyrhizobiaceae	Rhizobiales	Alphaproteobacteria	Proteobacteria	Bacteria
Nitrobacter_hamburgensis_X14	Nitrobacter	Bradyrhizobiaceae	Rhizobiales	Alphaproteobacteria	Proteobacteria	Bacteria
Nitrobacter_winogradskyi_Nb-255	Nitrobacter	Bradyrhizobiaceae	Rhizobiales	Alphaproteobacteria	Proteobacteria	Bacteria
Rhodopseudomonas_palustris_CGA009	Rhodopseudomonas	Bradyrhizobiaceae	Rhizobiales	Alphaproteobacteria	Proteobacteria	Bacteria
Rhodopseudomonas_palustris_BisB5	Rhodopseudomonas	Bradyrhizobiaceae	Rhizobiales	Alphaproteobacteria	Proteobacteria	Bacteria
Rhodopseudomonas_palustris_BisB18	Rhodopseudomonas	Bradyrhizobiaceae	Rhizobiales	Alphaproteobacteria	Proteobacteria	Bacteria
Rhodopseudomonas_palustris_BisA53	Rhodopseudomonas	Bradyrhizobiaceae	Rhizobiales	Alphaproteobacteria	Proteobacteria	Bacteria
Rhodopseudomonas_palustris_HaA2	Rhodopseudomonas	Bradyrhizobiaceae	Rhizobiales	Alphaproteobacteria	Proteobacteria	Bacteria
Brucella_suis_1330	Brucella	Brucellaceae	Rhizobiales	Alphaproteobacteria	Proteobacteria	Bacteria
Brucella_melitensis_16M	Brucella	Brucellaceae	Rhizobiales	Alphaproteobacteria	Proteobacteria	Bacteria
Brucella_melitensis_biovar_Abortus_2308	Brucella	Brucellaceae	Rhizobiales	Alphaproteobacteria	Proteobacteria	Bacteria
Brucella_abortus_biovar_1_str._9-941	Brucella	Brucellaceae	Rhizobiales	Alphaproteobacteria	Proteobacteria	Bacteria
Ochrobactrum_anthropi_ATCC_49188	Ochrobactrum	Brucellaceae	Rhizobiales	Alphaproteobacteria	Proteobacteria	Bacteria
Mesorhizobium_sp._BNC1	Chelativorans	Phyllobacteriaceae	Rhizobiales	Alphaproteobacteria	Proteobacteria	Bacteria
Mesorhizobium_loti_MAFF303099	Mesorhizobium	Phyllobacteriaceae	Rhizobiales	Alphaproteobacteria	Proteobacteria	Bacteria
Parvibaculum_lavamentivorans_DS-1	Parvibaculum	Phyllobacteriaceae	Rhizobiales	Alphaproteobacteria	Proteobacteria	Bacteria
Agrobacterium_tumefaciens_str._C58	Agrobacterium	Rhizobiaceae	Rhizobiales	Alphaproteobacteria	Proteobacteria	Bacteria
Rhizobium_etli_CFN_42	Rhizobium	Rhizobiaceae	Rhizobiales	Alphaproteobacteria	Proteobacteria	Bacteria
Rhizobium_leguminosarum_bv._viciae_3841	Rhizobium	Rhizobiaceae	Rhizobiales	Alphaproteobacteria	Proteobacteria	Bacteria
Sinorhizobium_meliloti_1021	Sinorhizobium	Rhizobiaceae	Rhizobiales	Alphaproteobacteria	Proteobacteria	Bacteria
Sinorhizobium_medicae_WSM419	Sinorhizobium	Rhizobiaceae	Rhizobiales	Alphaproteobacteria	Proteobacteria	Bacteria
Xanthobacter_autotrophicus_Py2	Xanthobacter	Xanthobacteraceae	Rhizobiales	Alphaproteobacteria	Proteobacteria	Bacteria
Hyphomonas_neptunium_ATCC_15444	Hyphomonas	Hyphomonadaceae	Rhodobacterales	Alphaproteobacteria	Proteobacteria	Bacteria
Maricaulis_maris_MCS10	Maricaulis	Hyphomonadaceae	Rhodobacterales	Alphaproteobacteria	Proteobacteria	Bacteria
Jannaschia_sp._CCS1	Jannaschia	Rhodobacteraceae	Rhodobacterales	Alphaproteobacteria	Proteobacteria	Bacteria
Paracoccus_denitrificans_PD1222	Paracoccus	Rhodobacteraceae	Rhodobacterales	Alphaproteobacteria	Proteobacteria	Bacteria
Rhodobacter_sphaeroides_2.4.1	Rhodobacter	Rhodobacteraceae	Rhodobacterales	Alphaproteobacteria	Proteobacteria	Bacteria
Rhodobacter_sphaeroides_ATCC_17029	Rhodobacter	Rhodobacteraceae	Rhodobacterales	Alphaproteobacteria	Proteobacteria	Bacteria
Rhodobacter_sphaeroides_ATCC_17025	Rhodobacter	Rhodobacteraceae	Rhodobacterales	Alphaproteobacteria	Proteobacteria	Bacteria
Roseobacter_denitrificans_OCh_114	Roseobacter	Rhodobacteraceae	Rhodobacterales	Alphaproteobacteria	Proteobacteria	Bacteria
Silicibacter_sp._TM1040	Ruegeria	Rhodobacteraceae	Rhodobacterales	Alphaproteobacteria	Proteobacteria	Bacteria
Silicibacter_pomeroyi_DSS-3	Ruegeria	Rhodobacteraceae	Rhodobacterales	Alphaproteobacteria	Proteobacteria	Bacteria
Acidiphilium_cryptum_JF-5	Acidiphilium	Acetobacteraceae	Rhodospirillales	Alphaproteobacteria	Proteobacteria	Bacteria
Gluconobacter_oxydans_621H	Gluconobacter	Acetobacteraceae	Rhodospirillales	Alphaproteobacteria	Proteobacteria	Bacteria
Granulibacter_bethesdensis_CGDNIH1	Granulibacter	Acetobacteraceae	Rhodospirillales	Alphaproteobacteria	Proteobacteria	Bacteria
Magnetospirillum_magneticum_AMB-1	Magnetospirillum	Rhodospirillaceae	Rhodospirillales	Alphaproteobacteria	Proteobacteria	Bacteria
Rhodospirillum_rubrum_ATCC_11170	Rhodospirillum	Rhodospirillaceae	Rhodospirillales	Alphaproteobacteria	Proteobacteria	Bacteria
Anaplasma_phagocytophilum_HZ	Anaplasma	Anaplasmataceae	Rickettsiales	Alphaproteobacteria	Proteobacteria	Bacteria
Anaplasma_marginale_str._St._Maries	Anaplasma	Anaplasmataceae	Rickettsiales	Alphaproteobacteria	Proteobacteria	Bacteria
Ehrlichia_ruminantium_str._Welgevonden	Ehrlichia	Anaplasmataceae	Rickettsiales	Alphaproteobacteria	Proteobacteria	Bacteria
Ehrlichia_canis_str._Jake	Ehrlichia	Anaplasmataceae	Rickettsiales	Alphaproteobacteria	Proteobacteria	Bacteria
Ehrlichia_ruminantium_str._Gardel	Ehrlichia	Anaplasmataceae	Rickettsiales	Alphaproteobacteria	Proteobacteria	Bacteria
Ehrlichia_chaffeensis_str._Arkansas	Ehrlichia	Anaplasmataceae	Rickettsiales	Alphaproteobacteria	Proteobacteria	Bacteria
Neorickettsia_sennetsu_str._Miyayama	Neorickettsia	Anaplasmataceae	Rickettsiales	Alphaproteobacteria	Proteobacteria	Bacteria
Orientia_tsutsugamushi_Boryong	Orientia	Rickettsiaceae	Rickettsiales	Alphaproteobacteria	Proteobacteria	Bacteria
Rickettsia_conorii_str._Malish_7	Rickettsia	Rickettsiaceae	Rickettsiales	Alphaproteobacteria	Proteobacteria	Bacteria
Rickettsia_prowazekii_str._Madrid_E	Rickettsia	Rickettsiaceae	Rickettsiales	Alphaproteobacteria	Proteobacteria	Bacteria
Rickettsia_rickettsii_str._'Sheila_Smith'	Rickettsia	Rickettsiaceae	Rickettsiales	Alphaproteobacteria	Proteobacteria	Bacteria
Rickettsia_massiliae_MTU5	Rickettsia	Rickettsiaceae	Rickettsiales	Alphaproteobacteria	Proteobacteria	Bacteria
Rickettsia_canadensis_str._McKiel	Rickettsia	Rickettsiaceae	Rickettsiales	Alphaproteobacteria	Proteobacteria	Bacteria
Rickettsia_typhi_str._Wilmington	Rickettsia	Rickettsiaceae	Rickettsiales	Alphaproteobacteria	Proteobacteria	Bacteria
Rickettsia_akari_str._Hartford	Rickettsia	Rickettsiaceae	Rickettsiales	Alphaproteobacteria	Proteobacteria	Bacteria
Rickettsia_felis_URRWXCal2	Rickettsia	Rickettsiaceae	Rickettsiales	Alphaproteobacteria	Proteobacteria	Bacteria
Rickettsia_bellii_OSU_85-389	Rickettsia	Rickettsiaceae	Rickettsiales	Alphaproteobacteria	Proteobacteria	Bacteria
Rickettsia_bellii_RML369-C	Rickettsia	Rickettsiaceae	Rickettsiales	Alphaproteobacteria	Proteobacteria	Bacteria
Wolbachia_endosymbiont_of_Drosophila_melanogaster	Wolbachia	Rickettsiaceae	Rickettsiales	Alphaproteobacteria	Proteobacteria	Bacteria
Wolbachia_endosymbiont_strain_TRS_of_Brugia_malayi	Wolbachia	Rickettsiaceae	Rickettsiales	Alphaproteobacteria	Proteobacteria	Bacteria
Candidatus_Pelagibacter_ubique_HTCC1062	Candidatus Pelagibacter	Rickettsiales	Rickettsiales	Alphaproteobacteria	Proteobacteria	Bacteria
Erythrobacter_litoralis_HTCC2594	Erythrobacter	Erythrobacteraceae	Sphingomonadales	Alphaproteobacteria	Proteobacteria	Bacteria
Novosphingobium_aromaticivorans_DSM_12444	Novosphingobium	Sphingomonadaceae	Sphingomonadales	Alphaproteobacteria	Proteobacteria	Bacteria
Sphingomonas_wittichii_RW1	Sphingomonas	Sphingomonadaceae	Sphingomonadales	Alphaproteobacteria	Proteobacteria	Bacteria
Sphingopyxis_alaskensis_RB2256	Sphingopyxis	Sphingomonadaceae	Sphingomonadales	Alphaproteobacteria	Proteobacteria	Bacteria
Zymomonas_mobilis_subsp._mobilis_ZM4	Zymomonas	Sphingomonadaceae	Sphingomonadales	Alphaproteobacteria	Proteobacteria	Bacteria
Xenopus_tropicalis	Xenopus	Pipidae	Anura	Amphibia	Chordata	Eukaryota
Aquifex_aeolicus_VF5	Aquifex	Aquificaceae	Aquificales	Aquificae (class)	Aquificae	Bacteria
Archaeoglobus_fulgidus_DSM_4304	Archaeoglobus	Archaeoglobaceae	Archaeoglobales	Archaeoglobi	Euryarchaeota	Archaea
Ciona_intestinalis	Ciona	Cionidae	Enterogona	Ascidiacea	Chordata	Eukaryota
Ciona_savignyi	Ciona	Cionidae	Enterogona	Ascidiacea	Chordata	Eukaryota
Gallus_gallus	Gallus	Phasianidae	Galliformes	Aves	Chordata	Eukaryota
Bacillus_pumilus_SAFR-032	Bacillus	Bacillaceae	Bacillales	Bacilli	Firmicutes	Bacteria
Bacillus_cereus_ATCC_14579	Bacillus	Bacillaceae	Bacillales	Bacilli	Firmicutes	Bacteria
Bacillus_thuringiensis_serovar_konkukian_str._97-27	Bacillus	Bacillaceae	Bacillales	Bacilli	Firmicutes	Bacteria
Bacillus_amyloliquefaciens_FZB42	Bacillus	Bacillaceae	Bacillales	Bacilli	Firmicutes	Bacteria
Bacillus_cereus_E33L	Bacillus	Bacillaceae	Bacillales	Bacilli	Firmicutes	Bacteria
Bacillus_cereus_ATCC_10987	Bacillus	Bacillaceae	Bacillales	Bacilli	Firmicutes	Bacteria
Bacillus_thuringiensis_str._Al_Hakam	Bacillus	Bacillaceae	Bacillales	Bacilli	Firmicutes	Bacteria
Bacillus_anthracis_str._'Ames_Ancestor'	Bacillus	Bacillaceae	Bacillales	Bacilli	Firmicutes	Bacteria
Bacillus_licheniformis_ATCC_14580	Bacillus	Bacillaceae	Bacillales	Bacilli	Firmicutes	Bacteria
Bacillus_anthracis_str._Ames	Bacillus	Bacillaceae	Bacillales	Bacilli	Firmicutes	Bacteria
Bacillus_cereus_subsp._cytotoxis_NVH_391-98	Bacillus	Bacillaceae	Bacillales	Bacilli	Firmicutes	Bacteria
Bacillus_subtilis_subsp._subtilis_str._168	Bacillus	Bacillaceae	Bacillales	Bacilli	Firmicutes	Bacteria
Bacillus_halodurans_C-125	Bacillus	Bacillaceae	Bacillales	Bacilli	Firmicutes	Bacteria
Bacillus_clausii_KSM-K16	Bacillus	Bacillaceae	Bacillales	Bacilli	Firmicutes	Bacteria
Bacillus_anthracis_str._Sterne	Bacillus	Bacillaceae	Bacillales	Bacilli	Firmicutes	Bacteria
Geobacillus_thermodenitrificans_NG80-2	Geobacillus	Bacillaceae	Bacillales	Bacilli	Firmicutes	Bacteria
Geobacillus_kaustophilus_HTA426	Geobacillus	Bacillaceae	Bacillales	Bacilli	Firmicutes	Bacteria
Oceanobacillus_iheyensis_HTE831	Oceanobacillus	Bacillaceae	Bacillales	Bacilli	Firmicutes	Bacteria
Listeria_innocua_Clip11262	Listeria	Listeriaceae	Bacillales	Bacilli	Firmicutes	Bacteria
Listeria_monocytogenes_str._4b_F2365	Listeria	Listeriaceae	Bacillales	Bacilli	Firmicutes	Bacteria
Listeria_monocytogenes_EGD-e	Listeria	Listeriaceae	Bacillales	Bacilli	Firmicutes	Bacteria
Listeria_welshimeri_serovar_6b_str._SLCC5334	Listeria	Listeriaceae	Bacillales	Bacilli	Firmicutes	Bacteria
Staphylococcus_aureus_subsp._aureus_NCTC_8325	Staphylococcus	Staphylococcaceae	Bacillales	Bacilli	Firmicutes	Bacteria
Staphylococcus_aureus_subsp._aureus_USA300	Staphylococcus	Staphylococcaceae	Bacillales	Bacilli	Firmicutes	Bacteria
Staphylococcus_aureus_subsp._aureus_COL	Staphylococcus	Staphylococcaceae	Bacillales	Bacilli	Firmicutes	Bacteria
Staphylococcus_aureus_subsp._aureus_JH9	Staphylococcus	Staphylococcaceae	Bacillales	Bacilli	Firmicutes	Bacteria
Staphylococcus_aureus_subsp._aureus_JH1	Staphylococcus	Staphylococcaceae	Bacillales	Bacilli	Firmicutes	Bacteria
Staphylococcus_aureus_subsp._aureus_N315	Staphylococcus	Staphylococcaceae	Bacillales	Bacilli	Firmicutes	Bacteria
Staphylococcus_aureus_subsp._aureus_Mu50	Staphylococcus	Staphylococcaceae	Bacillales	Bacilli	Firmicutes	Bacteria
Staphylococcus_epidermidis_ATCC_12228	Staphylococcus	Staphylococcaceae	Bacillales	Bacilli	Firmicutes	Bacteria
Staphylococcus_aureus_subsp._aureus_Mu3	Staphylococcus	Staphylococcaceae	Bacillales	Bacilli	Firmicutes	Bacteria
Staphylococcus_aureus_subsp._aureus_MW2	Staphylococcus	Staphylococcaceae	Bacillales	Bacilli	Firmicutes	Bacteria
Staphylococcus_haemolyticus_JCSC1435	Staphylococcus	Staphylococcaceae	Bacillales	Bacilli	Firmicutes	Bacteria
Staphylococcus_aureus_subsp._aureus_MSSA476	Staphylococcus	Staphylococcaceae	Bacillales	Bacilli	Firmicutes	Bacteria
Staphylococcus_aureus_subsp._aureus_MRSA252	Staphylococcus	Staphylococcaceae	Bacillales	Bacilli	Firmicutes	Bacteria
Staphylococcus_aureus_RF122	Staphylococcus	Staphylococcaceae	Bacillales	Bacilli	Firmicutes	Bacteria
Staphylococcus_aureus_subsp._aureus_str._Newman	Staphylococcus	Staphylococcaceae	Bacillales	Bacilli	Firmicutes	Bacteria
Staphylococcus_saprophyticus_subsp._saprophyticus_ATCC_15305	Staphylococcus	Staphylococcaceae	Bacillales	Bacilli	Firmicutes	Bacteria
Staphylococcus_epidermidis_RP62A	Staphylococcus	Staphylococcaceae	Bacillales	Bacilli	Firmicutes	Bacteria
Enterococcus_faecalis_V583	Enterococcus	Enterococcaceae	Lactobacillales	Bacilli	Firmicutes	Bacteria
Lactobacillus_acidophilus_NCFM	Lactobacillus	Lactobacillaceae	Lactobacillales	Bacilli	Firmicutes	Bacteria
Lactobacillus_casei_ATCC_334	Lactobacillus	Lactobacillaceae	Lactobacillales	Bacilli	Firmicutes	Bacteria
Lactobacillus_gasseri_ATCC_33323	Lactobacillus	Lactobacillaceae	Lactobacillales	Bacilli	Firmicutes	Bacteria
Lactobacillus_brevis_ATCC_367	Lactobacillus	Lactobacillaceae	Lactobacillales	Bacilli	Firmicutes	Bacteria
Lactobacillus_salivarius_subsp._salivarius_UCC118	Lactobacillus	Lactobacillaceae	Lactobacillales	Bacilli	Firmicutes	Bacteria
Lactobacillus_delbrueckii_subsp._bulgaricus_ATCC_BAA-365	Lactobacillus	Lactobacillaceae	Lactobacillales	Bacilli	Firmicutes	Bacteria
Lactobacillus_johnsonii_NCC_533	Lactobacillus	Lactobacillaceae	Lactobacillales	Bacilli	Firmicutes	Bacteria
Lactobacillus_sakei_subsp._sakei_23K	Lactobacillus	Lactobacillaceae	Lactobacillales	Bacilli	Firmicutes	Bacteria
Lactobacillus_delbrueckii_subsp._bulgaricus_ATCC_11842	Lactobacillus	Lactobacillaceae	Lactobacillales	Bacilli	Firmicutes	Bacteria
Lactobacillus_reuteri_F275	Lactobacillus	Lactobacillaceae	Lactobacillales	Bacilli	Firmicutes	Bacteria
Lactobacillus_plantarum_WCFS1	Lactobacillus	Lactobacillaceae	Lactobacillales	Bacilli	Firmicutes	Bacteria
Pediococcus_pentosaceus_ATCC_25745	Pediococcus	Lactobacillaceae	Lactobacillales	Bacilli	Firmicutes	Bacteria
Leuconostoc_mesenteroides_subsp._mesenteroides_ATCC_8293	Leuconostoc	Leuconostocaceae	Lactobacillales	Bacilli	Firmicutes	Bacteria
Oenococcus_oeni_PSU-1	Oenococcus	Leuconostocaceae	Lactobacillales	Bacilli	Firmicutes	Bacteria
Lactococcus_lactis_subsp._lactis_Il1403	Lactococcus	Streptococcaceae	Lactobacillales	Bacilli	Firmicutes	Bacteria
Lactococcus_lactis_subsp._cremoris_SK11	Lactococcus	Streptococcaceae	Lactobacillales	Bacilli	Firmicutes	Bacteria
Lactococcus_lactis_subsp._cremoris_MG1363	Lactococcus	Streptococcaceae	Lactobacillales	Bacilli	Firmicutes	Bacteria
Streptococcus_pyogenes_MGAS9429	Streptococcus	Streptococcaceae	Lactobacillales	Bacilli	Firmicutes	Bacteria
Streptococcus_thermophilus_CNRZ1066	Streptococcus	Streptococcaceae	Lactobacillales	Bacilli	Firmicutes	Bacteria
Streptococcus_sanguinis_SK36	Streptococcus	Streptococcaceae	Lactobacillales	Bacilli	Firmicutes	Bacteria
Streptococcus_pyogenes_MGAS10270	Streptococcus	Streptococcaceae	Lactobacillales	Bacilli	Firmicutes	Bacteria
Streptococcus_pyogenes_MGAS2096	Streptococcus	Streptococcaceae	Lactobacillales	Bacilli	Firmicutes	Bacteria
Streptococcus_pneumoniae_TIGR4	Streptococcus	Streptococcaceae	Lactobacillales	Bacilli	Firmicutes	Bacteria
Streptococcus_pneumoniae_D39	Streptococcus	Streptococcaceae	Lactobacillales	Bacilli	Firmicutes	Bacteria
Streptococcus_pyogenes_MGAS8232	Streptococcus	Streptococcaceae	Lactobacillales	Bacilli	Firmicutes	Bacteria
Streptococcus_agalactiae_2603V/R	Streptococcus	Streptococcaceae	Lactobacillales	Bacilli	Firmicutes	Bacteria
Streptococcus_thermophilus_LMG_18311	Streptococcus	Streptococcaceae	Lactobacillales	Bacilli	Firmicutes	Bacteria
Streptococcus_pyogenes_MGAS315	Streptococcus	Streptococcaceae	Lactobacillales	Bacilli	Firmicutes	Bacteria
Streptococcus_pyogenes_MGAS10394	Streptococcus	Streptococcaceae	Lactobacillales	Bacilli	Firmicutes	Bacteria
Streptococcus_pyogenes_MGAS6180	Streptococcus	Streptococcaceae	Lactobacillales	Bacilli	Firmicutes	Bacteria
Streptococcus_pyogenes_MGAS5005	Streptococcus	Streptococcaceae	Lactobacillales	Bacilli	Firmicutes	Bacteria
Streptococcus_pneumoniae_R6	Streptococcus	Streptococcaceae	Lactobacillales	Bacilli	Firmicutes	Bacteria
Streptococcus_pyogenes_MGAS10750	Streptococcus	Streptococcaceae	Lactobacillales	Bacilli	Firmicutes	Bacteria
Streptococcus_gordonii_str._Challis_substr._CH1	Streptococcus	Streptococcaceae	Lactobacillales	Bacilli	Firmicutes	Bacteria
Streptococcus_suis_05ZYH33	Streptococcus	Streptococcaceae	Lactobacillales	Bacilli	Firmicutes	Bacteria
Streptococcus_suis_98HAH33	Streptococcus	Streptococcaceae	Lactobacillales	Bacilli	Firmicutes	Bacteria
Streptococcus_agalactiae_NEM316	Streptococcus	Streptococcaceae	Lactobacillales	Bacilli	Firmicutes	Bacteria
Streptococcus_pyogenes_M1_GAS	Streptococcus	Streptococcaceae	Lactobacillales	Bacilli	Firmicutes	Bacteria
Streptococcus_pyogenes_str._Manfredo	Streptococcus	Streptococcaceae	Lactobacillales	Bacilli	Firmicutes	Bacteria
Streptococcus_pyogenes_SSI-1	Streptococcus	Streptococcaceae	Lactobacillales	Bacilli	Firmicutes	Bacteria
Streptococcus_mutans_UA159	Streptococcus	Streptococcaceae	Lactobacillales	Bacilli	Firmicutes	Bacteria
Streptococcus_agalactiae_A909	Streptococcus	Streptococcaceae	Lactobacillales	Bacilli	Firmicutes	Bacteria
Streptococcus_thermophilus_LMD-9	Streptococcus	Streptococcaceae	Lactobacillales	Bacilli	Firmicutes	Bacteria
Bacteroides_fragilis_YCH46	Bacteroides	Bacteroidaceae	Bacteroidales	Bacteroidia	Bacteroidetes	Bacteria
Bacteroides_thetaiotaomicron_VPI-5482	Bacteroides	Bacteroidaceae	Bacteroidales	Bacteroidia	Bacteroidetes	Bacteria
Bacteroides_vulgatus_ATCC_8482	Bacteroides	Bacteroidaceae	Bacteroidales	Bacteroidia	Bacteroidetes	Bacteria
Bacteroides_fragilis_NCTC_9343	Bacteroides	Bacteroidaceae	Bacteroidales	Bacteroidia	Bacteroidetes	Bacteria
Parabacteroides_distasonis_ATCC_8503	Parabacteroides	Porphyromonadaceae	Bacteroidales	Bacteroidia	Bacteroidetes	Bacteria
Porphyromonas_gingivalis_W83	Porphyromonas	Porphyromonadaceae	Bacteroidales	Bacteroidia	Bacteroidetes	Bacteria
Bordetella_bronchiseptica_RB50	Bordetella	Alcaligenaceae	Burkholderiales	Betaproteobacteria	Proteobacteria	Bacteria
Bordetella_parapertussis_12822	Bordetella	Alcaligenaceae	Burkholderiales	Betaproteobacteria	Proteobacteria	Bacteria
Bordetella_pertussis_Tohama_I	Bordetella	Alcaligenaceae	Burkholderiales	Betaproteobacteria	Proteobacteria	Bacteria
Burkholderia_pseudomallei_668	Burkholderia	Burkholderiaceae	Burkholderiales	Betaproteobacteria	Proteobacteria	Bacteria
Burkholderia_pseudomallei_1710b	Burkholderia	Burkholderiaceae	Burkholderiales	Betaproteobacteria	Proteobacteria	Bacteria
Burkholderia_ambifaria_AMMD	Burkholderia	Burkholderiaceae	Burkholderiales	Betaproteobacteria	Proteobacteria	Bacteria
Burkholderia_pseudomallei_1106a	Burkholderia	Burkholderiaceae	Burkholderiales	Betaproteobacteria	Proteobacteria	Bacteria
Burkholderia_sp._383	Burkholderia	Burkholderiaceae	Burkholderiales	Betaproteobacteria	Proteobacteria	Bacteria
Burkholderia_vietnamiensis_G4	Burkholderia	Burkholderiaceae	Burkholderiales	Betaproteobacteria	Proteobacteria	Bacteria
Burkholderia_cenocepacia_AU_1054	Burkholderia	Burkholderiaceae	Burkholderiales	Betaproteobacteria	Proteobacteria	Bacteria
Burkholderia_thailandensis_E264	Burkholderia	Burkholderiaceae	Burkholderiales	Betaproteobacteria	Proteobacteria	Bacteria
Burkholderia_cenocepacia_HI2424	Burkholderia	Burkholderiaceae	Burkholderiales	Betaproteobacteria	Proteobacteria	Bacteria
Burkholderia_pseudomallei_K96243	Burkholderia	Burkholderiaceae	Burkholderiales	Betaproteobacteria	Proteobacteria	Bacteria
Ralstonia_metallidurans_CH34	Cupriavidus	Burkholderiaceae	Burkholderiales	Betaproteobacteria	Proteobacteria	Bacteria
Ralstonia_eutropha_H16	Cupriavidus	Burkholderiaceae	Burkholderiales	Betaproteobacteria	Proteobacteria	Bacteria
Polynucleobacter_sp._QLW-P1DMWA-1	Polynucleobacter	Burkholderiaceae	Burkholderiales	Betaproteobacteria	Proteobacteria	Bacteria
Ralstonia_solanacearum_GMI1000	Ralstonia	Burkholderiaceae	Burkholderiales	Betaproteobacteria	Proteobacteria	Bacteria
Methylibium_petroleiphilum_PM1	Methylibium	Burkholderiales	Burkholderiales	Betaproteobacteria	Proteobacteria	Bacteria
Acidovorax_sp._JS42	Acidovorax	Comamonadaceae	Burkholderiales	Betaproteobacteria	Proteobacteria	Bacteria
Acidovorax_avenae_subsp._citrulli_AAC00-1	Acidovorax	Comamonadaceae	Burkholderiales	Betaproteobacteria	Proteobacteria	Bacteria
Polaromonas_sp._JS666	Polaromonas	Comamonadaceae	Burkholderiales	Betaproteobacteria	Proteobacteria	Bacteria
Polaromonas_naphthalenivorans_CJ2	Polaromonas	Comamonadaceae	Burkholderiales	Betaproteobacteria	Proteobacteria	Bacteria
Rhodoferax_ferrireducens_T118	Rhodoferax	Comamonadaceae	Burkholderiales	Betaproteobacteria	Proteobacteria	Bacteria
Verminephrobacter_eiseniae_EF01-2	Verminephrobacter	Comamonadaceae	Burkholderiales	Betaproteobacteria	Proteobacteria	Bacteria
Herminiimonas_arsenicoxydans	Herminiimonas	Oxalobacteraceae	Burkholderiales	Betaproteobacteria	Proteobacteria	Bacteria
Janthinobacterium_sp._Marseille	Janthinobacterium	Oxalobacteraceae	Burkholderiales	Betaproteobacteria	Proteobacteria	Bacteria
Thiobacillus_denitrificans_ATCC_25259	Thiobacillus	Hydrogenophilaceae	Hydrogenophilales	Betaproteobacteria	Proteobacteria	Bacteria
Methylobacillus_flagellatus_KT	Methylobacillus	Methylophilaceae	Methylophilales	Betaproteobacteria	Proteobacteria	Bacteria
Chromobacterium_violaceum_ATCC_12472	Chromobacterium	Neisseriaceae	Neisseriales	Betaproteobacteria	Proteobacteria	Bacteria
Neisseria_meningitidis_FAM18	Neisseria	Neisseriaceae	Neisseriales	Betaproteobacteria	Proteobacteria	Bacteria
Neisseria_meningitidis_MC58	Neisseria	Neisseriaceae	Neisseriales	Betaproteobacteria	Proteobacteria	Bacteria
Neisseria_meningitidis_Z2491	Neisseria	Neisseriaceae	Neisseriales	Betaproteobacteria	Proteobacteria	Bacteria
Neisseria_gonorrhoeae_FA_1090	Neisseria	Neisseriaceae	Neisseriales	Betaproteobacteria	Proteobacteria	Bacteria
Nitrosomonas_europaea_ATCC_19718	Nitrosomonas	Nitrosomonadaceae	Nitrosomonadales	Betaproteobacteria	Proteobacteria	Bacteria
Nitrosomonas_eutropha_C91	Nitrosomonas	Nitrosomonadaceae	Nitrosomonadales	Betaproteobacteria	Proteobacteria	Bacteria
Nitrosospira_multiformis_ATCC_25196	Nitrosospira	Nitrosomonadaceae	Nitrosomonadales	Betaproteobacteria	Proteobacteria	Bacteria
Azoarcus_sp._EbN1	Aromatoleum	Rhodocyclaceae	Rhodocyclales	Betaproteobacteria	Proteobacteria	Bacteria
Azoarcus_sp._BH72	Azoarcus	Rhodocyclaceae	Rhodocyclales	Betaproteobacteria	Proteobacteria	Bacteria
Dechloromonas_aromatica_RCB	Dechloromonas	Rhodocyclaceae	Rhodocyclales	Betaproteobacteria	Proteobacteria	Bacteria
Chlamydia_trachomatis_A/HAR-13	Chlamydia	Chlamydiaceae	Chlamydiales	Chlamydiae (class)	Chlamydiae	Bacteria
Chlamydia_muridarum_Nigg	Chlamydia	Chlamydiaceae	Chlamydiales	Chlamydiae (class)	Chlamydiae	Bacteria
Chlamydia_trachomatis_D/UW-3/CX	Chlamydia	Chlamydiaceae	Chlamydiales	Chlamydiae (class)	Chlamydiae	Bacteria
Chlamydophila_abortus_S26/3	Chlamydophila	Chlamydiaceae	Chlamydiales	Chlamydiae (class)	Chlamydiae	Bacteria
Chlamydophila_caviae_GPIC	Chlamydophila	Chlamydiaceae	Chlamydiales	Chlamydiae (class)	Chlamydiae	Bacteria
Chlamydophila_pneumoniae_TW-183	Chlamydophila	Chlamydiaceae	Chlamydiales	Chlamydiae (class)	Chlamydiae	Bacteria
Chlamydophila_pneumoniae_AR39	Chlamydophila	Chlamydiaceae	Chlamydiales	Chlamydiae (class)	Chlamydiae	Bacteria
Chlamydophila_felis_Fe/C-56	Chlamydophila	Chlamydiaceae	Chlamydiales	Chlamydiae (class)	Chlamydiae	Bacteria
Chlamydophila_pneumoniae_CWL029	Chlamydophila	Chlamydiaceae	Chlamydiales	Chlamydiae (class)	Chlamydiae	Bacteria
Chlamydophila_pneumoniae_J138	Chlamydophila	Chlamydiaceae	Chlamydiales	Chlamydiae (class)	Chlamydiae	Bacteria
Candidatus_Protochlamydia_amoebophila_UWE25	Candidatus Protochlamydia	Parachlamydiaceae	Chlamydiales	Chlamydiae (class)	Chlamydiae	Bacteria
Chlorobium_tepidum_TLS	Chlorobaculum	Chlorobiaceae	Chlorobiales	Chlorobia	Chlorobi	Bacteria
Chlorobium_phaeobacteroides_DSM_266	Chlorobium	Chlorobiaceae	Chlorobiales	Chlorobia	Chlorobi	Bacteria
Prosthecochloris_vibrioformis_DSM_265	Chlorobium	Chlorobiaceae	Chlorobiales	Chlorobia	Chlorobi	Bacteria
Chlorobium_chlorochromatii_CaD3	Chlorobium	Chlorobiaceae	Chlorobiales	Chlorobia	Chlorobi	Bacteria
Pelodictyon_luteolum_DSM_273	Pelodictyon	Chlorobiaceae	Chlorobiales	Chlorobia	Chlorobi	Bacteria
Roseiflexus_sp._RS-1	Roseiflexus	Chloroflexaceae	Chloroflexales	Chloroflexi (class)	Chloroflexi	Bacteria
Roseiflexus_castenholzii_DSM_13941	Roseiflexus	Chloroflexaceae	Chloroflexales	Chloroflexi (class)	Chloroflexi	Bacteria
Caenorhabditis_elegans	Caenorhabditis	Rhabditidae	Rhabditida	Chromadorea	Nematoda	Eukaryota
Alkaliphilus_metalliredigens_QYMF	Alkaliphilus	Clostridiaceae	Clostridiales	Clostridia	Firmicutes	Bacteria
Clostridium_botulinum_F_str._Langeland	Clostridium	Clostridiaceae	Clostridiales	Clostridia	Firmicutes	Bacteria
Clostridium_botulinum_A_str._Hall	Clostridium	Clostridiaceae	Clostridiales	Clostridia	Firmicutes	Bacteria
Clostridium_botulinum_A_str._ATCC_19397	Clostridium	Clostridiaceae	Clostridiales	Clostridia	Firmicutes	Bacteria
Clostridium_perfringens_str._13	Clostridium	Clostridiaceae	Clostridiales	Clostridia	Firmicutes	Bacteria
Clostridium_perfringens_ATCC_13124	Clostridium	Clostridiaceae	Clostridiales	Clostridia	Firmicutes	Bacteria
Clostridium_botulinum_A_str._ATCC_3502	Clostridium	Clostridiaceae	Clostridiales	Clostridia	Firmicutes	Bacteria
Clostridium_perfringens_SM101	Clostridium	Clostridiaceae	Clostridiales	Clostridia	Firmicutes	Bacteria
Clostridium_tetani_E88	Clostridium	Clostridiaceae	Clostridiales	Clostridia	Firmicutes	Bacteria
Clostridium_thermocellum_ATCC_27405	Clostridium	Clostridiaceae	Clostridiales	Clostridia	Firmicutes	Bacteria
Clostridium_beijerinckii_NCIMB_8052	Clostridium	Clostridiaceae	Clostridiales	Clostridia	Firmicutes	Bacteria
Clostridium_acetobutylicum_ATCC_824	Clostridium	Clostridiaceae	Clostridiales	Clostridia	Firmicutes	Bacteria
Clostridium_kluyveri_DSM_555	Clostridium	Clostridiaceae	Clostridiales	Clostridia	Firmicutes	Bacteria
Clostridium_difficile_630	Clostridium	Clostridiaceae	Clostridiales	Clostridia	Firmicutes	Bacteria
Clostridium_novyi_NT	Clostridium	Clostridiaceae	Clostridiales	Clostridia	Firmicutes	Bacteria
Symbiobacterium_thermophilum_IAM_14863	Symbiobacterium	Clostridiales Family XVIII. Incertae Sedis	Clostridiales	Clostridia	Firmicutes	Bacteria
Desulfitobacterium_hafniense_Y51	Desulfitobacterium	Peptococcaceae	Clostridiales	Clostridia	Firmicutes	Bacteria
Desulfotomaculum_reducens_MI-1	Desulfotomaculum	Peptococcaceae	Clostridiales	Clostridia	Firmicutes	Bacteria
Pelotomaculum_thermopropionicum_SI	Pelotomaculum	Peptococcaceae	Clostridiales	Clostridia	Firmicutes	Bacteria
Syntrophomonas_wolfei_subsp._wolfei_str._Goettingen	Syntrophomonas	Syntrophomonadaceae	Clostridiales	Clostridia	Firmicutes	Bacteria
Carboxydothermus_hydrogenoformans_Z-2901	Carboxydothermus	Thermoanaerobacteraceae	Thermoanaerobacterales	Clostridia	Firmicutes	Bacteria
Moorella_thermoacetica_ATCC_39073	Moorella	Thermoanaerobacteraceae	Thermoanaerobacterales	Clostridia	Firmicutes	Bacteria
Thermoanaerobacter_tengcongensis_MB4	Thermoanaerobacter	Thermoanaerobacteraceae	Thermoanaerobacterales	Clostridia	Firmicutes	Bacteria
Caldicellulosiruptor_saccharolyticus_DSM_8903	Caldicellulosiruptor	Thermoanaerobacterales Family III. Incertae Sedis	Thermoanaerobacterales	Clostridia	Firmicutes	Bacteria
Cryptosporidium_parvum	Cryptosporidium	Cryptosporidiidae	Eucoccidiorida	Coccidia	Apicomplexa	Eukaryota
Synechococcus_elongatus_PCC_6301	Synechococcus	Chroococcales	Chroococcales	Cyanobacteria	Cyanobacteria	Bacteria
Synechococcus_sp._JA-3-3Ab	Synechococcus	Chroococcales	Chroococcales	Cyanobacteria	Cyanobacteria	Bacteria
Synechococcus_sp._WH_8102	Synechococcus	Chroococcales	Chroococcales	Cyanobacteria	Cyanobacteria	Bacteria
Synechococcus_sp._WH_7803	Synechococcus	Chroococcales	Chroococcales	Cyanobacteria	Cyanobacteria	Bacteria
Synechococcus_elongatus_PCC_7942	Synechococcus	Chroococcales	Chroococcales	Cyanobacteria	Cyanobacteria	Bacteria
Synechococcus_sp._CC9311	Synechococcus	Chroococcales	Chroococcales	Cyanobacteria	Cyanobacteria	Bacteria
Synechococcus_sp._CC9902	Synechococcus	Chroococcales	Chroococcales	Cyanobacteria	Cyanobacteria	Bacteria
Synechococcus_sp._RCC307	Synechococcus	Chroococcales	Chroococcales	Cyanobacteria	Cyanobacteria	Bacteria
Synechococcus_sp._CC9605	Synechococcus	Chroococcales	Chroococcales	Cyanobacteria	Cyanobacteria	Bacteria
Synechococcus_sp._JA-2-3B'a(2-13)	Synechococcus	Chroococcales	Chroococcales	Cyanobacteria	Cyanobacteria	Bacteria
Synechocystis_sp._PCC_6803	Synechocystis	Chroococcales	Chroococcales	Cyanobacteria	Cyanobacteria	Bacteria
Thermosynechococcus_elongatus_BP-1	Thermosynechococcus	Chroococcales	Chroococcales	Cyanobacteria	Cyanobacteria	Bacteria
Anabaena_variabilis_ATCC_29413	Anabaena	Nostocaceae	Nostocales	Cyanobacteria	Cyanobacteria	Bacteria
Nostoc_sp._PCC_7120	Nostoc	Nostocaceae	Nostocales	Cyanobacteria	Cyanobacteria	Bacteria
Trichodesmium_erythraeum_IMS101	Trichodesmium	Oscillatoriales	Oscillatoriales	Cyanobacteria	Cyanobacteria	Bacteria
Prochlorococcus_marinus_str._MIT_9215	Prochlorococcus	Prochlorococcaceae	Prochlorales	Cyanobacteria	Cyanobacteria	Bacteria
Prochlorococcus_marinus_str._NATL2A	Prochlorococcus	Prochlorococcaceae	Prochlorales	Cyanobacteria	Cyanobacteria	Bacteria
Prochlorococcus_marinus_str._MIT_9303	Prochlorococcus	Prochlorococcaceae	Prochlorales	Cyanobacteria	Cyanobacteria	Bacteria
Prochlorococcus_marinus_str._MIT_9301	Prochlorococcus	Prochlorococcaceae	Prochlorales	Cyanobacteria	Cyanobacteria	Bacteria
Prochlorococcus_marinus_str._MIT_9515	Prochlorococcus	Prochlorococcaceae	Prochlorales	Cyanobacteria	Cyanobacteria	Bacteria
Prochlorococcus_marinus_subsp._pastoris_str._CCMP1986	Prochlorococcus	Prochlorococcaceae	Prochlorales	Cyanobacteria	Cyanobacteria	Bacteria
Prochlorococcus_marinus_str._MIT_9312	Prochlorococcus	Prochlorococcaceae	Prochlorales	Cyanobacteria	Cyanobacteria	Bacteria
Prochlorococcus_marinus_subsp._marinus_str._CCMP1375	Prochlorococcus	Prochlorococcaceae	Prochlorales	Cyanobacteria	Cyanobacteria	Bacteria
Prochlorococcus_marinus_str._MIT_9313	Prochlorococcus	Prochlorococcaceae	Prochlorales	Cyanobacteria	Cyanobacteria	Bacteria
Prochlorococcus_marinus_str._AS9601	Prochlorococcus	Prochlorococcaceae	Prochlorales	Cyanobacteria	Cyanobacteria	Bacteria
Prochlorococcus_marinus_str._NATL1A	Prochlorococcus	Prochlorococcaceae	Prochlorales	Cyanobacteria	Cyanobacteria	Bacteria
Dehalococcoides_ethenogenes_195	Dehalococcoides	Dehalococcoidetes	Dehalococcoidetes	Dehalococcoidetes	Chloroflexi	Bacteria
Dehalococcoides_sp._BAV1	Dehalococcoides	Dehalococcoidetes	Dehalococcoidetes	Dehalococcoidetes	Chloroflexi	Bacteria
Dehalococcoides_sp._CBDB1	Dehalococcoides	Dehalococcoidetes	Dehalococcoidetes	Dehalococcoidetes	Chloroflexi	Bacteria
Deinococcus_radiodurans_R1	Deinococcus	Deinococcaceae	Deinococcales	Deinococci	Deinococcus-Thermus	Bacteria
Deinococcus_geothermalis_DSM_11300	Deinococcus	Deinococcaceae	Deinococcales	Deinococci	Deinococcus-Thermus	Bacteria
Thermus_thermophilus_HB8	Thermus	Thermaceae	Thermales	Deinococci	Deinococcus-Thermus	Bacteria
Thermus_thermophilus_HB27	Thermus	Thermaceae	Thermales	Deinococci	Deinococcus-Thermus	Bacteria
Bdellovibrio_bacteriovorus_HD100	Bdellovibrio	Bdellovibrionaceae	Bdellovibrionales	Deltaproteobacteria	Proteobacteria	Bacteria
Desulfotalea_psychrophila_LSv54	Desulfotalea	Desulfobulbaceae	Desulfobacterales	Deltaproteobacteria	Proteobacteria	Bacteria
Desulfovibrio_desulfuricans_G20	Desulfovibrio	Desulfovibrionaceae	Desulfovibrionales	Deltaproteobacteria	Proteobacteria	Bacteria
Desulfovibrio_vulgaris_subsp._vulgaris_str._Hildenborough	Desulfovibrio	Desulfovibrionaceae	Desulfovibrionales	Deltaproteobacteria	Proteobacteria	Bacteria
Desulfovibrio_vulgaris_subsp._vulgaris_DP4	Desulfovibrio	Desulfovibrionaceae	Desulfovibrionales	Deltaproteobacteria	Proteobacteria	Bacteria
Lawsonia_intracellularis_PHE/MN1-00	Lawsonia	Desulfovibrionaceae	Desulfovibrionales	Deltaproteobacteria	Proteobacteria	Bacteria
Geobacter_sulfurreducens_PCA	Geobacter	Geobacteraceae	Desulfuromonadales	Deltaproteobacteria	Proteobacteria	Bacteria
Geobacter_metallireducens_GS-15	Geobacter	Geobacteraceae	Desulfuromonadales	Deltaproteobacteria	Proteobacteria	Bacteria
Geobacter_uraniumreducens_Rf4	Geobacter	Geobacteraceae	Desulfuromonadales	Deltaproteobacteria	Proteobacteria	Bacteria
Pelobacter_carbinolicus_DSM_2380	Pelobacter	Pelobacteraceae	Desulfuromonadales	Deltaproteobacteria	Proteobacteria	Bacteria
Pelobacter_propionicus_DSM_2379	Pelobacter	Pelobacteraceae	Desulfuromonadales	Deltaproteobacteria	Proteobacteria	Bacteria
Anaeromyxobacter_dehalogenans_2CP-C	Anaeromyxobacter	Myxococcaceae	Myxococcales	Deltaproteobacteria	Proteobacteria	Bacteria
Anaeromyxobacter_sp._Fw109-5	Anaeromyxobacter	Myxococcaceae	Myxococcales	Deltaproteobacteria	Proteobacteria	Bacteria
Myxococcus_xanthus_DK_1622	Myxococcus	Myxococcaceae	Myxococcales	Deltaproteobacteria	Proteobacteria	Bacteria
Syntrophus_aciditrophicus_SB	Syntrophus	Syntrophaceae	Syntrophobacterales	Deltaproteobacteria	Proteobacteria	Bacteria
Syntrophobacter_fumaroxidans_MPOB	Syntrophobacter	Syntrophobacteraceae	Syntrophobacterales	Deltaproteobacteria	Proteobacteria	Bacteria
Arcobacter_butzleri_RM4018	Arcobacter	Campylobacteraceae	Campylobacterales	Epsilonproteobacteria	Proteobacteria	Bacteria
Campylobacter_jejuni_subsp._jejuni_NCTC_11168	Campylobacter	Campylobacteraceae	Campylobacterales	Epsilonproteobacteria	Proteobacteria	Bacteria
Campylobacter_jejuni_subsp._jejuni_81116	Campylobacter	Campylobacteraceae	Campylobacterales	Epsilonproteobacteria	Proteobacteria	Bacteria
Campylobacter_jejuni_RM1221	Campylobacter	Campylobacteraceae	Campylobacterales	Epsilonproteobacteria	Proteobacteria	Bacteria
Campylobacter_concisus_13826	Campylobacter	Campylobacteraceae	Campylobacterales	Epsilonproteobacteria	Proteobacteria	Bacteria
Campylobacter_curvus_525.92	Campylobacter	Campylobacteraceae	Campylobacterales	Epsilonproteobacteria	Proteobacteria	Bacteria
Campylobacter_fetus_subsp._fetus_82-40	Campylobacter	Campylobacteraceae	Campylobacterales	Epsilonproteobacteria	Proteobacteria	Bacteria
Campylobacter_hominis_ATCC_BAA-381	Campylobacter	Campylobacteraceae	Campylobacterales	Epsilonproteobacteria	Proteobacteria	Bacteria
Campylobacter_jejuni_subsp._doylei_269.97	Campylobacter	Campylobacteraceae	Campylobacterales	Epsilonproteobacteria	Proteobacteria	Bacteria
Campylobacter_jejuni_subsp._jejuni_81-176	Campylobacter	Campylobacteraceae	Campylobacterales	Epsilonproteobacteria	Proteobacteria	Bacteria
Helicobacter_pylori_J99	Helicobacter	Helicobacteraceae	Campylobacterales	Epsilonproteobacteria	Proteobacteria	Bacteria
Helicobacter_pylori_26695	Helicobacter	Helicobacteraceae	Campylobacterales	Epsilonproteobacteria	Proteobacteria	Bacteria
Helicobacter_acinonychis_str._Sheeba	Helicobacter	Helicobacteraceae	Campylobacterales	Epsilonproteobacteria	Proteobacteria	Bacteria
Helicobacter_hepaticus_ATCC_51449	Helicobacter	Helicobacteraceae	Campylobacterales	Epsilonproteobacteria	Proteobacteria	Bacteria
Helicobacter_pylori_HPAG1	Helicobacter	Helicobacteraceae	Campylobacterales	Epsilonproteobacteria	Proteobacteria	Bacteria
Thiomicrospira_denitrificans_ATCC_33889	Sulfurimonas	Helicobacteraceae	Campylobacterales	Epsilonproteobacteria	Proteobacteria	Bacteria
Wolinella_succinogenes_DSM_1740	Wolinella	Helicobacteraceae	Campylobacterales	Epsilonproteobacteria	Proteobacteria	Bacteria
Nitratiruptor_sp._SB155-2	Nitratiruptor	Epsilonproteobacteria	Epsilonproteobacteria	Epsilonproteobacteria	Proteobacteria	Bacteria
Sulfurovum_sp._NBC37-1	Sulfurovum	Epsilonproteobacteria	Epsilonproteobacteria	Epsilonproteobacteria	Proteobacteria	Bacteria
Dictyostelium_discoideum	Dictyostelium	Dictyosteliida	Dictyosteliida	Eukaryota	Eukaryota	Eukaryota
Giardia_lamblia_ATCC_50803	Giardia	Hexamitidae	Eukaryota	Eukaryota	Eukaryota	Eukaryota
Leishmania_infantum	Leishmania	Trypanosomatidae	Kinetoplastida	Eukaryota	Eukaryota	Eukaryota
Trypanosoma_brucei	Trypanosoma	Trypanosomatidae	Kinetoplastida	Eukaryota	Eukaryota	Eukaryota
Aspergillus_fumigatus	Aspergillus	Trichocomaceae	Eurotiales	Eurotiomycetes	Ascomycota	Eukaryota
uncultured_methanogenic_archaeon_RC-I	Euryarchaeota	Euryarchaeota	Euryarchaeota	Euryarchaeota	Euryarchaeota	Archaea
Flavobacterium_johnsoniae_UW101	Flavobacterium	Flavobacteriaceae	Flavobacteriales	Flavobacteria	Bacteroidetes	Bacteria
Flavobacterium_psychrophilum_JIP02/86	Flavobacterium	Flavobacteriaceae	Flavobacteriales	Flavobacteria	Bacteroidetes	Bacteria
Gramella_forsetii_KT0803	Gramella	Flavobacteriaceae	Flavobacteriales	Flavobacteria	Bacteroidetes	Bacteria
Fusobacterium_nucleatum_subsp._nucleatum_ATCC_25586	Fusobacterium	Fusobacteriaceae	Fusobacteriales	Fusobacteria (class)	Fusobacteria	Bacteria
Aeromonas_hydrophila_subsp._hydrophila_ATCC_7966	Aeromonas	Aeromonadaceae	Aeromonadales	Gammaproteobacteria	Proteobacteria	Bacteria
Aeromonas_salmonicida_subsp._salmonicida_A449	Aeromonas	Aeromonadaceae	Aeromonadales	Gammaproteobacteria	Proteobacteria	Bacteria
Marinobacter_aquaeolei_VT8	Marinobacter	Alteromonadaceae	Alteromonadales	Gammaproteobacteria	Proteobacteria	Bacteria
Saccharophagus_degradans_2-40	Saccharophagus	Alteromonadaceae	Alteromonadales	Gammaproteobacteria	Proteobacteria	Bacteria
Colwellia_psychrerythraea_34H	Colwellia	Colwelliaceae	Alteromonadales	Gammaproteobacteria	Proteobacteria	Bacteria
Idiomarina_loihiensis_L2TR	Idiomarina	Idiomarinaceae	Alteromonadales	Gammaproteobacteria	Proteobacteria	Bacteria
Pseudoalteromonas_atlantica_T6c	Pseudoalteromonas	Pseudoalteromonadaceae	Alteromonadales	Gammaproteobacteria	Proteobacteria	Bacteria
Pseudoalteromonas_haloplanktis_TAC125	Pseudoalteromonas	Pseudoalteromonadaceae	Alteromonadales	Gammaproteobacteria	Proteobacteria	Bacteria
Psychromonas_ingrahamii_37	Psychromonas	Psychromonadaceae	Alteromonadales	Gammaproteobacteria	Proteobacteria	Bacteria
Shewanella_oneidensis_MR-1	Shewanella	Shewanellaceae	Alteromonadales	Gammaproteobacteria	Proteobacteria	Bacteria
Shewanella_amazonensis_SB2B	Shewanella	Shewanellaceae	Alteromonadales	Gammaproteobacteria	Proteobacteria	Bacteria
Shewanella_pealeana_ATCC_700345	Shewanella	Shewanellaceae	Alteromonadales	Gammaproteobacteria	Proteobacteria	Bacteria
Shewanella_denitrificans_OS217	Shewanella	Shewanellaceae	Alteromonadales	Gammaproteobacteria	Proteobacteria	Bacteria
Shewanella_frigidimarina_NCIMB_400	Shewanella	Shewanellaceae	Alteromonadales	Gammaproteobacteria	Proteobacteria	Bacteria
Shewanella_baltica_OS185	Shewanella	Shewanellaceae	Alteromonadales	Gammaproteobacteria	Proteobacteria	Bacteria
Shewanella_sp._W3-18-1	Shewanella	Shewanellaceae	Alteromonadales	Gammaproteobacteria	Proteobacteria	Bacteria
Shewanella_baltica_OS155	Shewanella	Shewanellaceae	Alteromonadales	Gammaproteobacteria	Proteobacteria	Bacteria
Shewanella_sp._ANA-3	Shewanella	Shewanellaceae	Alteromonadales	Gammaproteobacteria	Proteobacteria	Bacteria
Shewanella_putrefaciens_CN-32	Shewanella	Shewanellaceae	Alteromonadales	Gammaproteobacteria	Proteobacteria	Bacteria
Shewanella_sp._MR-7	Shewanella	Shewanellaceae	Alteromonadales	Gammaproteobacteria	Proteobacteria	Bacteria
Shewanella_sp._MR-4	Shewanella	Shewanellaceae	Alteromonadales	Gammaproteobacteria	Proteobacteria	Bacteria
Shewanella_loihica_PV-4	Shewanella	Shewanellaceae	Alteromonadales	Gammaproteobacteria	Proteobacteria	Bacteria
Shewanella_sediminis_HAW-EB3	Shewanella	Shewanellaceae	Alteromonadales	Gammaproteobacteria	Proteobacteria	Bacteria
Dichelobacter_nodosus_VCS1703A	Dichelobacter	Cardiobacteriaceae	Cardiobacteriales	Gammaproteobacteria	Proteobacteria	Bacteria
Nitrosococcus_oceani_ATCC_19707	Nitrosococcus	Chromatiaceae	Chromatiales	Gammaproteobacteria	Proteobacteria	Bacteria
Alkalilimnicola_ehrlichei_MLHE-1	Alkalilimnicola	Ectothiorhodospiraceae	Chromatiales	Gammaproteobacteria	Proteobacteria	Bacteria
Halorhodospira_halophila_SL1	Halorhodospira	Ectothiorhodospiraceae	Chromatiales	Gammaproteobacteria	Proteobacteria	Bacteria
Buchnera_aphidicola_str._Cc_(Cinara_cedri)	Buchnera	Enterobacteriaceae	Enterobacteriales	Gammaproteobacteria	Proteobacteria	Bacteria
Buchnera_aphidicola_str._Sg_(Schizaphis_graminum)	Buchnera	Enterobacteriaceae	Enterobacteriales	Gammaproteobacteria	Proteobacteria	Bacteria
Buchnera_aphidicola_str._Bp_(Baizongia_pistaciae)	Buchnera	Enterobacteriaceae	Enterobacteriales	Gammaproteobacteria	Proteobacteria	Bacteria
Buchnera_aphidicola_str._APS_(Acyrthosiphon_pisum)	Buchnera	Enterobacteriaceae	Enterobacteriales	Gammaproteobacteria	Proteobacteria	Bacteria
Candidatus_Blochmannia_pennsylvanicus_str._BPEN	Candidatus Blochmannia	Enterobacteriaceae	Enterobacteriales	Gammaproteobacteria	Proteobacteria	Bacteria
Candidatus_Blochmannia_floridanus	Candidatus Blochmannia	Enterobacteriaceae	Enterobacteriales	Gammaproteobacteria	Proteobacteria	Bacteria
Citrobacter_koseri_ATCC_BAA-895	Citrobacter	Enterobacteriaceae	Enterobacteriales	Gammaproteobacteria	Proteobacteria	Bacteria
Enterobacter_sakazakii_ATCC_BAA-894	Cronobacter	Enterobacteriaceae	Enterobacteriales	Gammaproteobacteria	Proteobacteria	Bacteria
Enterobacter_sp._638	Enterobacter	Enterobacteriaceae	Enterobacteriales	Gammaproteobacteria	Proteobacteria	Bacteria
Escherichia_coli_O157:H7_EDL933	Escherichia	Enterobacteriaceae	Enterobacteriales	Gammaproteobacteria	Proteobacteria	Bacteria
Escherichia_coli_536	Escherichia	Enterobacteriaceae	Enterobacteriales	Gammaproteobacteria	Proteobacteria	Bacteria
Escherichia_coli_O157:H7_str._Sakai	Escherichia	Enterobacteriaceae	Enterobacteriales	Gammaproteobacteria	Proteobacteria	Bacteria
Escherichia_coli_CFT073	Escherichia	Enterobacteriaceae	Enterobacteriales	Gammaproteobacteria	Proteobacteria	Bacteria
Escherichia_coli_E24377A	Escherichia	Enterobacteriaceae	Enterobacteriales	Gammaproteobacteria	Proteobacteria	Bacteria
Escherichia_coli_HS	Escherichia	Enterobacteriaceae	Enterobacteriales	Gammaproteobacteria	Proteobacteria	Bacteria
Escherichia_coli_UTI89	Escherichia	Enterobacteriaceae	Enterobacteriales	Gammaproteobacteria	Proteobacteria	Bacteria
Escherichia_coli_K12	Escherichia	Enterobacteriaceae	Enterobacteriales	Gammaproteobacteria	Proteobacteria	Bacteria
Escherichia_coli_W3110	Escherichia	Enterobacteriaceae	Enterobacteriales	Gammaproteobacteria	Proteobacteria	Bacteria
Escherichia_coli_APEC_O1	Escherichia	Enterobacteriaceae	Enterobacteriales	Gammaproteobacteria	Proteobacteria	Bacteria
Klebsiella_pneumoniae_subsp._pneumoniae_MGH_78578	Klebsiella	Enterobacteriaceae	Enterobacteriales	Gammaproteobacteria	Proteobacteria	Bacteria
Erwinia_carotovora_subsp._atroseptica_SCRI1043	Pectobacterium	Enterobacteriaceae	Enterobacteriales	Gammaproteobacteria	Proteobacteria	Bacteria
Photorhabdus_luminescens_subsp._laumondii_TTO1	Photorhabdus	Enterobacteriaceae	Enterobacteriales	Gammaproteobacteria	Proteobacteria	Bacteria
Salmonella_enterica_subsp._enterica_serovar_Paratyphi_A_str._ATCC_9150	Salmonella	Enterobacteriaceae	Enterobacteriales	Gammaproteobacteria	Proteobacteria	Bacteria
Salmonella_typhimurium_LT2	Salmonella	Enterobacteriaceae	Enterobacteriales	Gammaproteobacteria	Proteobacteria	Bacteria
Salmonella_enterica_subsp._enterica_serovar_Choleraesuis_str._SC-B67	Salmonella	Enterobacteriaceae	Enterobacteriales	Gammaproteobacteria	Proteobacteria	Bacteria
Salmonella_enterica_subsp._enterica_serovar_Typhi_Ty2	Salmonella	Enterobacteriaceae	Enterobacteriales	Gammaproteobacteria	Proteobacteria	Bacteria
Salmonella_enterica_subsp._enterica_serovar_Typhi_str._CT18	Salmonella	Enterobacteriaceae	Enterobacteriales	Gammaproteobacteria	Proteobacteria	Bacteria
Serratia_proteamaculans_568	Serratia	Enterobacteriaceae	Enterobacteriales	Gammaproteobacteria	Proteobacteria	Bacteria
Shigella_flexneri_5_str._8401	Shigella	Enterobacteriaceae	Enterobacteriales	Gammaproteobacteria	Proteobacteria	Bacteria
Shigella_flexneri_2a_str._2457T	Shigella	Enterobacteriaceae	Enterobacteriales	Gammaproteobacteria	Proteobacteria	Bacteria
Shigella_flexneri_2a_str._301	Shigella	Enterobacteriaceae	Enterobacteriales	Gammaproteobacteria	Proteobacteria	Bacteria
Shigella_sonnei_Ss046	Shigella	Enterobacteriaceae	Enterobacteriales	Gammaproteobacteria	Proteobacteria	Bacteria
Shigella_dysenteriae_Sd197	Shigella	Enterobacteriaceae	Enterobacteriales	Gammaproteobacteria	Proteobacteria	Bacteria
Sodalis_glossinidius_str._'morsitans'	Sodalis	Enterobacteriaceae	Enterobacteriales	Gammaproteobacteria	Proteobacteria	Bacteria
Wigglesworthia_glossinidia_endosymbiont_of_Glossina_brevipalpis	Wigglesworthia	Enterobacteriaceae	Enterobacteriales	Gammaproteobacteria	Proteobacteria	Bacteria
Yersinia_pestis_CO92	Yersinia	Enterobacteriaceae	Enterobacteriales	Gammaproteobacteria	Proteobacteria	Bacteria
Yersinia_pestis_Nepal516	Yersinia	Enterobacteriaceae	Enterobacteriales	Gammaproteobacteria	Proteobacteria	Bacteria
Yersinia_pestis_KIM	Yersinia	Enterobacteriaceae	Enterobacteriales	Gammaproteobacteria	Proteobacteria	Bacteria
Yersinia_pestis_biovar_Microtus_str._91001	Yersinia	Enterobacteriaceae	Enterobacteriales	Gammaproteobacteria	Proteobacteria	Bacteria
Yersinia_pestis_Pestoides_F	Yersinia	Enterobacteriaceae	Enterobacteriales	Gammaproteobacteria	Proteobacteria	Bacteria
Yersinia_pestis_Antiqua	Yersinia	Enterobacteriaceae	Enterobacteriales	Gammaproteobacteria	Proteobacteria	Bacteria
Yersinia_pseudotuberculosis_IP_32953	Yersinia	Enterobacteriaceae	Enterobacteriales	Gammaproteobacteria	Proteobacteria	Bacteria
Yersinia_pseudotuberculosis_IP_31758	Yersinia	Enterobacteriaceae	Enterobacteriales	Gammaproteobacteria	Proteobacteria	Bacteria
Yersinia_enterocolitica_subsp._enterocolitica_8081	Yersinia	Enterobacteriaceae	Enterobacteriales	Gammaproteobacteria	Proteobacteria	Bacteria
Candidatus_Vesicomyosocius_okutanii_HA	Gammaproteobacteria	Gammaproteobacteria	Gammaproteobacteria	Gammaproteobacteria	Proteobacteria	Bacteria
Candidatus_Ruthia_magnifica_str._Cm_(Calyptogena_magnifica)	Gammaproteobacteria	Gammaproteobacteria	Gammaproteobacteria	Gammaproteobacteria	Proteobacteria	Bacteria
Baumannia_cicadellinicola_str._Hc_(Homalodisca_coagulata)	Gammaproteobacteria	Gammaproteobacteria	Gammaproteobacteria	Gammaproteobacteria	Proteobacteria	Bacteria
Coxiella_burnetii_Dugway_7E9-12	Coxiella	Coxiellaceae	Legionellales	Gammaproteobacteria	Proteobacteria	Bacteria
Coxiella_burnetii_RSA_493	Coxiella	Coxiellaceae	Legionellales	Gammaproteobacteria	Proteobacteria	Bacteria
Legionella_pneumophila_str._Corby	Legionella	Legionellaceae	Legionellales	Gammaproteobacteria	Proteobacteria	Bacteria
Legionella_pneumophila_subsp._pneumophila_str._Philadelphia_1	Legionella	Legionellaceae	Legionellales	Gammaproteobacteria	Proteobacteria	Bacteria
Legionella_pneumophila_str._Paris	Legionella	Legionellaceae	Legionellales	Gammaproteobacteria	Proteobacteria	Bacteria
Legionella_pneumophila_str._Lens	Legionella	Legionellaceae	Legionellales	Gammaproteobacteria	Proteobacteria	Bacteria
Methylococcus_capsulatus_str._Bath	Methylococcus	Methylococcaceae	Methylococcales	Gammaproteobacteria	Proteobacteria	Bacteria
Alcanivorax_borkumensis_SK2	Alcanivorax	Alcanivoracaceae	Oceanospirillales	Gammaproteobacteria	Proteobacteria	Bacteria
Hahella_chejuensis_KCTC_2396	Hahella	Hahellaceae	Oceanospirillales	Gammaproteobacteria	Proteobacteria	Bacteria
Chromohalobacter_salexigens_DSM_3043	Chromohalobacter	Halomonadaceae	Oceanospirillales	Gammaproteobacteria	Proteobacteria	Bacteria
Marinomonas_sp._MWYL1	Marinomonas	Oceanospirillaceae	Oceanospirillales	Gammaproteobacteria	Proteobacteria	Bacteria
Actinobacillus_succinogenes_130Z	Actinobacillus	Pasteurellaceae	Pasteurellales	Gammaproteobacteria	Proteobacteria	Bacteria
Actinobacillus_pleuropneumoniae_L20	Actinobacillus	Pasteurellaceae	Pasteurellales	Gammaproteobacteria	Proteobacteria	Bacteria
Mannheimia_succiniciproducens_MBEL55E	Basfia	Pasteurellaceae	Pasteurellales	Gammaproteobacteria	Proteobacteria	Bacteria
Haemophilus_influenzae_PittEE	Haemophilus	Pasteurellaceae	Pasteurellales	Gammaproteobacteria	Proteobacteria	Bacteria
Haemophilus_influenzae_PittGG	Haemophilus	Pasteurellaceae	Pasteurellales	Gammaproteobacteria	Proteobacteria	Bacteria
Haemophilus_ducreyi_35000HP	Haemophilus	Pasteurellaceae	Pasteurellales	Gammaproteobacteria	Proteobacteria	Bacteria
Haemophilus_influenzae_86-028NP	Haemophilus	Pasteurellaceae	Pasteurellales	Gammaproteobacteria	Proteobacteria	Bacteria
Haemophilus_influenzae_Rd_KW20	Haemophilus	Pasteurellaceae	Pasteurellales	Gammaproteobacteria	Proteobacteria	Bacteria
Haemophilus_somnus_129PT	Histophilus	Pasteurellaceae	Pasteurellales	Gammaproteobacteria	Proteobacteria	Bacteria
Pasteurella_multocida_subsp._multocida_str._Pm70	Pasteurella	Pasteurellaceae	Pasteurellales	Gammaproteobacteria	Proteobacteria	Bacteria
Acinetobacter_sp._ADP1	Acinetobacter	Moraxellaceae	Pseudomonadales	Gammaproteobacteria	Proteobacteria	Bacteria
Acinetobacter_baumannii_ATCC_17978	Acinetobacter	Moraxellaceae	Pseudomonadales	Gammaproteobacteria	Proteobacteria	Bacteria
Psychrobacter_arcticus_273-4	Psychrobacter	Moraxellaceae	Pseudomonadales	Gammaproteobacteria	Proteobacteria	Bacteria
Psychrobacter_cryohalolentis_K5	Psychrobacter	Moraxellaceae	Pseudomonadales	Gammaproteobacteria	Proteobacteria	Bacteria
Psychrobacter_sp._PRwf-1	Psychrobacter	Moraxellaceae	Pseudomonadales	Gammaproteobacteria	Proteobacteria	Bacteria
Pseudomonas_putida_KT2440	Pseudomonas	Pseudomonadaceae	Pseudomonadales	Gammaproteobacteria	Proteobacteria	Bacteria
Pseudomonas_syringae_pv._tomato_str._DC3000	Pseudomonas	Pseudomonadaceae	Pseudomonadales	Gammaproteobacteria	Proteobacteria	Bacteria
Pseudomonas_syringae_pv._phaseolicola_1448A	Pseudomonas	Pseudomonadaceae	Pseudomonadales	Gammaproteobacteria	Proteobacteria	Bacteria
Pseudomonas_putida_F1	Pseudomonas	Pseudomonadaceae	Pseudomonadales	Gammaproteobacteria	Proteobacteria	Bacteria
Pseudomonas_stutzeri_A1501	Pseudomonas	Pseudomonadaceae	Pseudomonadales	Gammaproteobacteria	Proteobacteria	Bacteria
Pseudomonas_fluorescens_PfO-1	Pseudomonas	Pseudomonadaceae	Pseudomonadales	Gammaproteobacteria	Proteobacteria	Bacteria
Pseudomonas_syringae_pv._syringae_B728a	Pseudomonas	Pseudomonadaceae	Pseudomonadales	Gammaproteobacteria	Proteobacteria	Bacteria
Pseudomonas_aeruginosa_PA7	Pseudomonas	Pseudomonadaceae	Pseudomonadales	Gammaproteobacteria	Proteobacteria	Bacteria
Pseudomonas_entomophila_L48	Pseudomonas	Pseudomonadaceae	Pseudomonadales	Gammaproteobacteria	Proteobacteria	Bacteria
Pseudomonas_mendocina_ymp	Pseudomonas	Pseudomonadaceae	Pseudomonadales	Gammaproteobacteria	Proteobacteria	Bacteria
Pseudomonas_aeruginosa_PAO1	Pseudomonas	Pseudomonadaceae	Pseudomonadales	Gammaproteobacteria	Proteobacteria	Bacteria
Pseudomonas_aeruginosa_UCBPP-PA14	Pseudomonas	Pseudomonadaceae	Pseudomonadales	Gammaproteobacteria	Proteobacteria	Bacteria
Pseudomonas_fluorescens_Pf-5	Pseudomonas	Pseudomonadaceae	Pseudomonadales	Gammaproteobacteria	Proteobacteria	Bacteria
Francisella_tularensis_subsp._tularensis_WY96-3418	Francisella	Francisellaceae	Thiotrichales	Gammaproteobacteria	Proteobacteria	Bacteria
Francisella_tularensis_subsp._tularensis_FSC198	Francisella	Francisellaceae	Thiotrichales	Gammaproteobacteria	Proteobacteria	Bacteria
Francisella_tularensis_subsp._holarctica	Francisella	Francisellaceae	Thiotrichales	Gammaproteobacteria	Proteobacteria	Bacteria
Francisella_tularensis_subsp._tularensis_SCHU_S4	Francisella	Francisellaceae	Thiotrichales	Gammaproteobacteria	Proteobacteria	Bacteria
Francisella_tularensis_subsp._holarctica_FTA	Francisella	Francisellaceae	Thiotrichales	Gammaproteobacteria	Proteobacteria	Bacteria
Francisella_tularensis_subsp._holarctica_OSU18	Francisella	Francisellaceae	Thiotrichales	Gammaproteobacteria	Proteobacteria	Bacteria
Francisella_tularensis_subsp._novicida_U112	Francisella	Francisellaceae	Thiotrichales	Gammaproteobacteria	Proteobacteria	Bacteria
Thiomicrospira_crunogena_XCL-2	Thiomicrospira	Piscirickettsiaceae	Thiotrichales	Gammaproteobacteria	Proteobacteria	Bacteria
Vibrio_fischeri_ES114	Aliivibrio	Vibrionaceae	Vibrionales	Gammaproteobacteria	Proteobacteria	Bacteria
Photobacterium_profundum_SS9	Photobacterium	Vibrionaceae	Vibrionales	Gammaproteobacteria	Proteobacteria	Bacteria
Vibrio_parahaemolyticus_RIMD_2210633	Vibrio	Vibrionaceae	Vibrionales	Gammaproteobacteria	Proteobacteria	Bacteria
Vibrio_vulnificus_CMCP6	Vibrio	Vibrionaceae	Vibrionales	Gammaproteobacteria	Proteobacteria	Bacteria
Vibrio_vulnificus_YJ016	Vibrio	Vibrionaceae	Vibrionales	Gammaproteobacteria	Proteobacteria	Bacteria
Vibrio_cholerae_O395	Vibrio	Vibrionaceae	Vibrionales	Gammaproteobacteria	Proteobacteria	Bacteria
Vibrio_cholerae_O1_biovar_eltor_str._N16961	Vibrio	Vibrionaceae	Vibrionales	Gammaproteobacteria	Proteobacteria	Bacteria
Vibrio_harveyi_ATCC_BAA-1116	Vibrio	Vibrionaceae	Vibrionales	Gammaproteobacteria	Proteobacteria	Bacteria
Xanthomonas_campestris_pv._campestris_str._8004	Xanthomonas	Xanthomonadaceae	Xanthomonadales	Gammaproteobacteria	Proteobacteria	Bacteria
Xanthomonas_oryzae_pv._oryzae_MAFF_311018	Xanthomonas	Xanthomonadaceae	Xanthomonadales	Gammaproteobacteria	Proteobacteria	Bacteria
Xanthomonas_campestris_pv._campestris_str._ATCC_33913	Xanthomonas	Xanthomonadaceae	Xanthomonadales	Gammaproteobacteria	Proteobacteria	Bacteria
Xanthomonas_campestris_pv._vesicatoria_str._85-10	Xanthomonas	Xanthomonadaceae	Xanthomonadales	Gammaproteobacteria	Proteobacteria	Bacteria
Xanthomonas_axonopodis_pv._citri_str._306	Xanthomonas	Xanthomonadaceae	Xanthomonadales	Gammaproteobacteria	Proteobacteria	Bacteria
Xanthomonas_oryzae_pv._oryzae_KACC10331	Xanthomonas	Xanthomonadaceae	Xanthomonadales	Gammaproteobacteria	Proteobacteria	Bacteria
Xylella_fastidiosa_Temecula1	Xylella	Xanthomonadaceae	Xanthomonadales	Gammaproteobacteria	Proteobacteria	Bacteria
Xylella_fastidiosa_9a5c	Xylella	Xanthomonadaceae	Xanthomonadales	Gammaproteobacteria	Proteobacteria	Bacteria
Gloeobacter_violaceus_PCC_7421	Gloeobacter	Gloeobacterales	Gloeobacterales	Gloeobacteria	Cyanobacteria	Bacteria
Haloarcula_marismortui_ATCC_43049	Haloarcula	Halobacteriaceae	Halobacteriales	Halobacteria	Euryarchaeota	Archaea
Halobacterium_sp._NRC-1	Halobacterium	Halobacteriaceae	Halobacteriales	Halobacteria	Euryarchaeota	Archaea
Haloquadratum_walsbyi_DSM_16790	Haloquadratum	Halobacteriaceae	Halobacteriales	Halobacteria	Euryarchaeota	Archaea
Natronomonas_pharaonis_DSM_2160	Natronomonas	Halobacteriaceae	Halobacteriales	Halobacteria	Euryarchaeota	Archaea
Aedes_aegypti	Aedes	Culicidae	Diptera	Insecta	Arthropoda	Eukaryota
Anopheles_gambiae	Anopheles	Culicidae	Diptera	Insecta	Arthropoda	Eukaryota
Drosophila_melanogaster	Drosophila	Drosophilidae	Diptera	Insecta	Arthropoda	Eukaryota
Canis_lupus_familiaris	Canis	Canidae	Carnivora	Mammalia	Chordata	Eukaryota
Felis_catus	Felis	Felidae	Carnivora	Mammalia	Chordata	Eukaryota
Myotis_lucifugus	Myotis	Vespertilionidae	Chiroptera	Mammalia	Chordata	Eukaryota
Monodelphis_domestica	Monodelphis	Didelphidae	Didelphimorphia	Mammalia	Chordata	Eukaryota
Erinaceus_europaeus	Erinaceus	Erinaceidae	Insectivora	Mammalia	Chordata	Eukaryota
Sorex_araneus	Sorex	Soricidae	Insectivora	Mammalia	Chordata	Eukaryota
Oryctolagus_cuniculus	Oryctolagus	Leporidae	Lagomorpha	Mammalia	Chordata	Eukaryota
Bos_taurus	Bos	Bovidae	Mammalia	Mammalia	Chordata	Eukaryota
Echinops_telfairi	Echinops	Tenrecidae	Mammalia	Mammalia	Chordata	Eukaryota
Ornithorhynchus_anatinus	Ornithorhynchus	Ornithorhynchidae	Monotremata	Mammalia	Chordata	Eukaryota
Macaca_mulatta	Macaca	Cercopithecidae	Primates	Mammalia	Chordata	Eukaryota
Otolemur_garnettii	Otolemur	Galagidae	Primates	Mammalia	Chordata	Eukaryota
Homo_sapiens	Homo	Hominidae	Primates	Mammalia	Chordata	Eukaryota
Pan_troglodytes	Pan	Hominidae	Primates	Mammalia	Chordata	Eukaryota
Loxodonta_africana	Loxodonta	Elephantidae	Proboscidea	Mammalia	Chordata	Eukaryota
Cavia_porcellus	Cavia	Caviidae	Rodentia	Mammalia	Chordata	Eukaryota
Mus_musculus	Mus	Muridae	Rodentia	Mammalia	Chordata	Eukaryota
Rattus_norvegicus	Rattus	Muridae	Rodentia	Mammalia	Chordata	Eukaryota
Spermophilus_tridecemlineatus	Spermophilus	Sciuridae	Rodentia	Mammalia	Chordata	Eukaryota
Tupaia_belangeri	Tupaia	Tupaiidae	Scandentia	Mammalia	Chordata	Eukaryota
Dasypus_novemcinctus	Dasypus	Dasypodidae	Xenarthra	Mammalia	Chordata	Eukaryota
Methanobrevibacter_smithii_ATCC_35061	Methanobrevibacter	Methanobacteriaceae	Methanobacteriales	Methanobacteria	Euryarchaeota	Archaea
Methanosphaera_stadtmanae_DSM_3091	Methanosphaera	Methanobacteriaceae	Methanobacteriales	Methanobacteria	Euryarchaeota	Archaea
Methanothermobacter_thermautotrophicus_str._Delta_H	Methanothermobacter	Methanobacteriaceae	Methanobacteriales	Methanobacteria	Euryarchaeota	Archaea
Methanocaldococcus_jannaschii_DSM_2661	Methanocaldococcus	Methanocaldococcaceae	Methanococcales	Methanococci	Euryarchaeota	Archaea
Methanococcus_maripaludis_S2	Methanococcus	Methanococcaceae	Methanococcales	Methanococci	Euryarchaeota	Archaea
Methanococcus_maripaludis_C5	Methanococcus	Methanococcaceae	Methanococcales	Methanococci	Euryarchaeota	Archaea
Methanococcus_vannielii_SB	Methanococcus	Methanococcaceae	Methanococcales	Methanococci	Euryarchaeota	Archaea
Methanococcus_maripaludis_C7	Methanococcus	Methanococcaceae	Methanococcales	Methanococci	Euryarchaeota	Archaea
Methanococcus_aeolicus_Nankai-3	Methanococcus	Methanococcaceae	Methanococcales	Methanococci	Euryarchaeota	Archaea
Methanocorpusculum_labreanum_Z	Methanocorpusculum	Methanocorpusculaceae	Methanomicrobiales	Methanomicrobia	Euryarchaeota	Archaea
Methanoculleus_marisnigri_JR1	Methanoculleus	Methanomicrobiaceae	Methanomicrobiales	Methanomicrobia	Euryarchaeota	Archaea
Candidatus_Methanoregula_boonei_6A8	Candidatus Methanoregula	Methanomicrobiales	Methanomicrobiales	Methanomicrobia	Euryarchaeota	Archaea
Methanospirillum_hungatei_JF-1	Methanospirillum	Methanospirillaceae	Methanomicrobiales	Methanomicrobia	Euryarchaeota	Archaea
Methanosaeta_thermophila_PT	Methanosaeta	Methanosaetaceae	Methanosarcinales	Methanomicrobia	Euryarchaeota	Archaea
Methanococcoides_burtonii_DSM_6242	Methanococcoides	Methanosarcinaceae	Methanosarcinales	Methanomicrobia	Euryarchaeota	Archaea
Methanosarcina_barkeri_str._Fusaro	Methanosarcina	Methanosarcinaceae	Methanosarcinales	Methanomicrobia	Euryarchaeota	Archaea
Methanosarcina_mazei_Go1	Methanosarcina	Methanosarcinaceae	Methanosarcinales	Methanomicrobia	Euryarchaeota	Archaea
Methanosarcina_acetivorans_C2A	Methanosarcina	Methanosarcinaceae	Methanosarcinales	Methanomicrobia	Euryarchaeota	Archaea
Methanopyrus_kandleri_AV19	Methanopyrus	Methanopyraceae	Methanopyrales	Methanopyri	Euryarchaeota	Archaea
Encephalitozoon_cuniculi	Encephalitozoon	Unikaryonidae	Microsporidia	Microsporidia	Microsporidia	Eukaryota
Onion_yellows_phytoplasma_OY-M	Candidatus Phytoplasma	Acholeplasmataceae	Acholeplasmatales	Mollicutes	Tenericutes	Bacteria
Aster_yellows_witches'-broom_phytoplasma_AYWB	Candidatus Phytoplasma	Acholeplasmataceae	Acholeplasmatales	Mollicutes	Tenericutes	Bacteria
Mesoplasma_florum_L1	Mesoplasma	Entomoplasmataceae	Entomoplasmatales	Mollicutes	Tenericutes	Bacteria
Mycoplasma_agalactiae_PG2	Mycoplasma	Mycoplasmataceae	Mycoplasmatales	Mollicutes	Tenericutes	Bacteria
Mycoplasma_hyopneumoniae_232	Mycoplasma	Mycoplasmataceae	Mycoplasmatales	Mollicutes	Tenericutes	Bacteria
Mycoplasma_genitalium_G37	Mycoplasma	Mycoplasmataceae	Mycoplasmatales	Mollicutes	Tenericutes	Bacteria
Mycoplasma_synoviae_53	Mycoplasma	Mycoplasmataceae	Mycoplasmatales	Mollicutes	Tenericutes	Bacteria
Mycoplasma_hyopneumoniae_7448	Mycoplasma	Mycoplasmataceae	Mycoplasmatales	Mollicutes	Tenericutes	Bacteria
Mycoplasma_mobile_163K	Mycoplasma	Mycoplasmataceae	Mycoplasmatales	Mollicutes	Tenericutes	Bacteria
Mycoplasma_capricolum_subsp._capricolum_ATCC_27343	Mycoplasma	Mycoplasmataceae	Mycoplasmatales	Mollicutes	Tenericutes	Bacteria
Mycoplasma_hyopneumoniae_J	Mycoplasma	Mycoplasmataceae	Mycoplasmatales	Mollicutes	Tenericutes	Bacteria
Mycoplasma_mycoides_subsp._mycoides_SC_str._PG1	Mycoplasma	Mycoplasmataceae	Mycoplasmatales	Mollicutes	Tenericutes	Bacteria
Mycoplasma_penetrans_HF-2	Mycoplasma	Mycoplasmataceae	Mycoplasmatales	Mollicutes	Tenericutes	Bacteria
Mycoplasma_pneumoniae_M129	Mycoplasma	Mycoplasmataceae	Mycoplasmatales	Mollicutes	Tenericutes	Bacteria
Mycoplasma_pulmonis_UAB_CTIP	Mycoplasma	Mycoplasmataceae	Mycoplasmatales	Mollicutes	Tenericutes	Bacteria
Mycoplasma_gallisepticum_R	Mycoplasma	Mycoplasmataceae	Mycoplasmatales	Mollicutes	Tenericutes	Bacteria
Ureaplasma_parvum_serovar_3_str._ATCC_700970	Ureaplasma	Mycoplasmataceae	Mycoplasmatales	Mollicutes	Tenericutes	Bacteria
Nanoarchaeum_equitans_Kin4-M	Nanoarchaeum	Nanoarchaeota	Nanoarchaeota	Nanoarchaeota	Nanoarchaeota	Archaea
Rhodopirellula_baltica_SH_1	Rhodopirellula	Planctomycetaceae	Planctomycetales	Planctomycetacia	Planctomycetes	Bacteria
Magnetococcus_sp._MC-1	Magnetococcus	Proteobacteria	Proteobacteria	Proteobacteria	Proteobacteria	Bacteria
Yarrowia_lipolytica	Yarrowia	Dipodascaceae	Saccharomycetales	Saccharomycetes	Ascomycota	Eukaryota
Debaryomyces_hansenii	Debaryomyces	Saccharomycetaceae	Saccharomycetales	Saccharomycetes	Ascomycota	Eukaryota
Eremothecium_gossypii	Eremothecium	Saccharomycetaceae	Saccharomycetales	Saccharomycetes	Ascomycota	Eukaryota
Kluyveromyces_lactis	Kluyveromyces	Saccharomycetaceae	Saccharomycetales	Saccharomycetes	Ascomycota	Eukaryota
Candida_glabrata	Nakaseomyces	Saccharomycetaceae	Saccharomycetales	Saccharomycetes	Ascomycota	Eukaryota
Pichia_stipitis	Pichia	Saccharomycetaceae	Saccharomycetales	Saccharomycetes	Ascomycota	Eukaryota
Saccharomyces_cerevisiae	Saccharomyces	Saccharomycetaceae	Saccharomycetales	Saccharomycetes	Ascomycota	Eukaryota
Schizosaccharomyces_pombe	Schizosaccharomyces	Schizosaccharomycetaceae	Schizosaccharomycetales	Schizosaccharomycetes	Ascomycota	Eukaryota
Solibacter_usitatus_Ellin6076	Candidatus Solibacter	Solibacteraceae	Solibacterales	Solibacteres	Acidobacteria	Bacteria
Gibberella_zeae	Gibberella	Nectriaceae	Hypocreales	Sordariomycetes	Ascomycota	Eukaryota
Neurospora_crassa	Neurospora	Sordariaceae	Sordariales	Sordariomycetes	Ascomycota	Eukaryota
Cytophaga_hutchinsonii_ATCC_33406	Cytophaga	Flexibacteraceae	Sphingobacteriales	Sphingobacteria	Bacteroidetes	Bacteria
Salinibacter_ruber_DSM_13855	Salinibacter	Rhodothermaceae	Sphingobacteriales	Sphingobacteria	Bacteroidetes	Bacteria
Leptospira_borgpetersenii_serovar_Hardjo-bovis_L550	Leptospira	Leptospiraceae	Spirochaetales	Spirochaetes (class)	Spirochaetes	Bacteria
Leptospira_borgpetersenii_serovar_Hardjo-bovis_JB197	Leptospira	Leptospiraceae	Spirochaetales	Spirochaetes (class)	Spirochaetes	Bacteria
Leptospira_interrogans_serovar_Lai_str._56601	Leptospira	Leptospiraceae	Spirochaetales	Spirochaetes (class)	Spirochaetes	Bacteria
Leptospira_interrogans_serovar_Copenhageni_str._Fiocruz_L1-130	Leptospira	Leptospiraceae	Spirochaetales	Spirochaetes (class)	Spirochaetes	Bacteria
Borrelia_burgdorferi_B31	Borrelia	Spirochaetaceae	Spirochaetales	Spirochaetes (class)	Spirochaetes	Bacteria
Borrelia_afzelii_PKo	Borrelia	Spirochaetaceae	Spirochaetales	Spirochaetes (class)	Spirochaetes	Bacteria
Borrelia_garinii_PBi	Borrelia	Spirochaetaceae	Spirochaetales	Spirochaetes (class)	Spirochaetes	Bacteria
Treponema_pallidum_subsp._pallidum_str._Nichols	Treponema	Spirochaetaceae	Spirochaetales	Spirochaetes (class)	Spirochaetes	Bacteria
Treponema_denticola_ATCC_35405	Treponema	Spirochaetaceae	Spirochaetales	Spirochaetes (class)	Spirochaetes	Bacteria
Arabidopsis_thaliana	Arabidopsis	Brassicaceae	Brassicales	Streptophyta	Streptophyta	Eukaryota
Pyrococcus_furiosus_DSM_3638	Pyrococcus	Thermococcaceae	Thermococcales	Thermococci	Euryarchaeota	Archaea
Pyrococcus_horikoshii_OT3	Pyrococcus	Thermococcaceae	Thermococcales	Thermococci	Euryarchaeota	Archaea
Pyrococcus_abyssi_GE5	Pyrococcus	Thermococcaceae	Thermococcales	Thermococci	Euryarchaeota	Archaea
Thermococcus_kodakarensis_KOD1	Thermococcus	Thermococcaceae	Thermococcales	Thermococci	Euryarchaeota	Archaea
Picrophilus_torridus_DSM_9790	Picrophilus	Picrophilaceae	Thermoplasmatales	Thermoplasmata	Euryarchaeota	Archaea
Thermoplasma_volcanium_GSS1	Thermoplasma	Thermoplasmataceae	Thermoplasmatales	Thermoplasmata	Euryarchaeota	Archaea
Thermoplasma_acidophilum_DSM_1728	Thermoplasma	Thermoplasmataceae	Thermoplasmatales	Thermoplasmata	Euryarchaeota	Archaea
Aeropyrum_pernix_K1	Aeropyrum	Desulfurococcaceae	Desulfurococcales	Thermoprotei	Crenarchaeota	Archaea
Ignicoccus_hospitalis_KIN4/I	Ignicoccus	Desulfurococcaceae	Desulfurococcales	Thermoprotei	Crenarchaeota	Archaea
Staphylothermus_marinus_F1	Staphylothermus	Desulfurococcaceae	Desulfurococcales	Thermoprotei	Crenarchaeota	Archaea
Hyperthermus_butylicus_DSM_5456	Hyperthermus	Pyrodictiaceae	Desulfurococcales	Thermoprotei	Crenarchaeota	Archaea
Metallosphaera_sedula_DSM_5348	Metallosphaera	Sulfolobaceae	Sulfolobales	Thermoprotei	Crenarchaeota	Archaea
Sulfolobus_solfataricus_P2	Sulfolobus	Sulfolobaceae	Sulfolobales	Thermoprotei	Crenarchaeota	Archaea
Sulfolobus_acidocaldarius_DSM_639	Sulfolobus	Sulfolobaceae	Sulfolobales	Thermoprotei	Crenarchaeota	Archaea
Sulfolobus_tokodaii_str._7	Sulfolobus	Sulfolobaceae	Sulfolobales	Thermoprotei	Crenarchaeota	Archaea
Thermofilum_pendens_Hrk_5	Thermofilum	Thermofilaceae	Thermoproteales	Thermoprotei	Crenarchaeota	Archaea
Pyrobaculum_arsenaticum_DSM_13514	Pyrobaculum	Thermoproteaceae	Thermoproteales	Thermoprotei	Crenarchaeota	Archaea
Pyrobaculum_calidifontis_JCM_11548	Pyrobaculum	Thermoproteaceae	Thermoproteales	Thermoprotei	Crenarchaeota	Archaea
Pyrobaculum_aerophilum_str._IM2	Pyrobaculum	Thermoproteaceae	Thermoproteales	Thermoprotei	Crenarchaeota	Archaea
Pyrobaculum_islandicum_DSM_4184	Pyrobaculum	Thermoproteaceae	Thermoproteales	Thermoprotei	Crenarchaeota	Archaea
Fervidobacterium_nodosum_Rt17-B1	Fervidobacterium	Thermotogaceae	Thermotogales	Thermotogae (class)	Thermotogae	Bacteria
Thermosipho_melanesiensis_BI429	Thermosipho	Thermotogaceae	Thermotogales	Thermotogae (class)	Thermotogae	Bacteria
Thermotoga_maritima_MSB8	Thermotoga	Thermotogaceae	Thermotogales	Thermotogae (class)	Thermotogae	Bacteria
Thermotoga_petrophila_RKU-1	Thermotoga	Thermotogaceae	Thermotogales	Thermotogae (class)	Thermotogae	Bacteria
Filobasidiella_neoformans	Filobasidiella	Tremellaceae	Tremellales	Tremellomycetes	Basidiomycota	Eukaryota
Ustilago_maydis	Ustilago	Ustilaginaceae	Ustilaginales	Ustilaginomycetes	Basidiomycota	Eukaryota
